Nombre (AFORE),Estado,latitud,longitud,PEA
INBURSA,Aguascalientes,21.8664191,-102.2984336,39007.18
PROFUTURO,Aguascalientes,21.8660882,-102.284187,39007.18
INVERCAP,Aguascalientes,21.8426137,-102.2934246,39007.18
INVERCAP,Aguascalientes,21.912003,-102.311718,39007.18
PENSIONISSSTE,Aguascalientes,21.878866,-102.292733,39007.18
PENSIONISSSTE,Aguascalientes,21.8919916,-102.2971318,39007.18
COPPEL,Aguascalientes,21.8852562,-102.2915677,39007.18
COPPEL,Aguascalientes,21.8968415,-102.3104201,39007.18
COPPEL,Aguascalientes,21.8864894,-102.2974845,39007.18
COPPEL,Aguascalientes,21.886515,-102.2976025,39007.18
COPPEL,Aguascalientes,22.2281359,-102.3212581,39007.18
SURA,Aguascalientes,21.9110182,-102.3110379,39007.18
CITIBANAMEX,Aguascalientes,21.8852245,-102.2919936,39007.18
XXI-BANORTE,Aguascalientes,21.9163819,-102.3066854,39007.18
XXI-BANORTE,Aguascalientes,21.8843826,-102.2718852,39007.18
PRINCIPAL,Aguascalientes,21.9543946,-102.3117988,39007.18
AZTECA,Aguascalientes,21.8950625,-102.3115383,39007.18
Nuevo CAP,Aguascalientes,21.92111191,-102.3008982,1
INBURSA,Baja California,31.8667427,-116.5963713,25668.59
INBURSA,Baja California,32.6641333,-115.4585475,25668.59
INBURSA,Baja California,32.5221457,-117.009542,25668.59
PROFUTURO,Baja California,31.8503274,-116.6091546,25668.59
INVERCAP,Baja California,31.8627709,-116.6115453,25668.59
INVERCAP,Baja California,32.6585858,-115.453037,25668.59
INVERCAP,Baja California,32.6108076,-115.3860381,25668.59
INVERCAP,Baja California,32.5754125,-116.6206957,25668.59
INVERCAP,Baja California,32.519333,-117.0123902,25668.59
INVERCAP,Baja California,32.4951305,-116.9584443,25668.59
INVERCAP,Baja California,32.5315181,-116.9271031,25668.59
PENSIONISSSTE,Baja California,32.494921,-116.935152,25668.59
PENSIONISSSTE,Baja California,32.641806,-115.452342,25668.59
COPPEL,Baja California,32.6612234,-115.4877059,25668.59
COPPEL,Baja California,32.6596123,-115.4844484,25668.59
COPPEL,Baja California,32.5347593,-117.0380779,25668.59
COPPEL,Baja California,32.5018677,-116.9640801,25668.59
COPPEL,Baja California,30.8406338,-115.2837585,25668.59
COPPEL,Baja California,32.6165643,-115.5014884,25668.59
COPPEL,Baja California,32.4945704,-116.9545188,25668.59
COPPEL,Baja California,32.5134098,-116.8685856,25668.59
COPPEL,Baja California,32.5173383,-116.9256341,25668.59
COPPEL,Baja California,32.4984986,-116.8892549,25668.59
COPPEL,Baja California,32.610571,-115.3858622,25668.59
COPPEL,Baja California,32.5322795,-117.0385376,25668.59
COPPEL,Baja California,32.535236,-116.9327924,25668.59
COPPEL,Baja California,32.4771815,-116.9703412,25668.59
COPPEL,Baja California,32.3691631,-117.0618361,25668.59
COPPEL,Baja California,31.8144228,-116.5963731,25668.59
COPPEL,Baja California,32.6478699,-115.5325106,25668.59
COPPEL,Baja California,32.5866807,-115.4044923,25668.59
COPPEL,Baja California,32.481479,-117.0459649,25668.59
COPPEL,Baja California,32.494394,-116.9315423,25668.59
COPPEL,Baja California,32.5315726,-117.0725127,25668.59
COPPEL,Baja California,32.2903112,-115.1029403,25668.59
COPPEL,Baja California,32.5446282,-116.9267058,25668.59
COPPEL,Baja California,32.4980295,-116.8644847,25668.59
COPPEL,Baja California,32.4601177,-116.879965,25668.59
COPPEL,Baja California,32.618809,-115.3995545,25668.59
COPPEL,Baja California,32.3405477,-117.0560776,25668.59
COPPEL,Baja California,32.465625,-116.8629249,25668.59
COPPEL,Baja California,32.6096722,-115.3872857,25668.59
COPPEL,Baja California,32.6459298,-115.5220312,25668.59
COPPEL,Baja California,32.5291971,-116.9692736,25668.59
COPPEL,Baja California,32.521885,-116.9349694,25668.59
COPPEL,Baja California,31.8674247,-116.6256377,25668.59
COPPEL,Baja California,32.4982295,-116.8890568,25668.59
COPPEL,Baja California,32.5320936,-117.0352732,25668.59
COPPEL,Baja California,32.5031948,-116.9744108,25668.59
COPPEL,Baja California,32.4976377,-116.9663218,25668.59
COPPEL,Baja California,32.5123408,-116.8961566,25668.59
COPPEL,Baja California,32.5388984,-117.0058446,25668.59
COPPEL,Baja California,32.5937468,-115.4764326,25668.59
COPPEL,Baja California,31.8595344,-116.6031279,25668.59
COPPEL,Baja California,32.5370326,-117.0093047,25668.59
COPPEL,Baja California,31.8591871,-116.6052862,25668.59
COPPEL,Baja California,32.3734841,-116.9411948,25668.59
CITIBANAMEX,Baja California,31.8662431,-116.6221045,25668.59
CITIBANAMEX,Baja California,32.6245129,-115.4216773,25668.59
CITIBANAMEX,Baja California,32.4859594,-116.9462341,25668.59
CITIBANAMEX,Baja California,32.5297695,-116.9512645,25668.59
XXI-BANORTE,Baja California,31.8779516,-116.6232932,25668.59
XXI-BANORTE,Baja California,32.6570839,-115.4495698,25668.59
XXI-BANORTE,Baja California,32.5215916,-117.027251,25668.59
XXI-BANORTE,Baja California,32.5149469,-117.0382471,25668.59
AZTECA,Baja California,32.4604388,-116.8847751,25668.59
SURA,Baja California,31.8779516,-116.6232932,25668.59
SURA,Baja California,32.6251016,-115.4265289,25668.59
SURA,Baja California,32.5137089,-117.0041432,25668.59
Nuevo CAP,Baja California,32.41618534,-116.4992714,1
INBURSA,Baja California Sur,24.1494661,-110.3056196,30371.87
PENSIONISSSTE,Baja California Sur,24.148436,-110.305273,30371.87
COPPEL,Baja California Sur,24.1582629,-110.3158362,30371.87
COPPEL,Baja California Sur,23.0602415,-109.7009315,30371.87
COPPEL,Baja California Sur,24.117616,-110.3115207,30371.87
COPPEL,Baja California Sur,22.8995524,-109.9434504,30371.87
COPPEL,Baja California Sur,23.0788566,-109.7074881,30371.87
COPPEL,Baja California Sur,24.1552812,-110.3082088,30371.87
COPPEL,Baja California Sur,24.1208204,-110.3376097,30371.87
COPPEL,Baja California Sur,22.9323415,-109.9349238,30371.87
SURA,Baja California Sur,24.1426748,-110.3122509,30371.87
CITIBANAMEX,Baja California Sur,24.1626526,-110.316546,30371.87
CITIBANAMEX,Baja California Sur,23.0618439,-109.6951787,30371.87
XXI-BANORTE,Baja California Sur,24.1466872,-110.319243,30371.87
AZTECA,Baja California Sur,24.1581377,-110.3162655,30371.87
Nuevo CAP,Baja California Sur,23.71285786,-110.122146,1
INBURSA,Campeche,19.8301251,-90.5349087,24326.28
INBURSA,Campeche,18.6496771,-91.8049457,24326.28
PROFUTURO,Campeche,19.8533103,-90.5301763,24326.28
INVERCAP,Campeche,19.8461896,-90.5316904,24326.28
PENSIONISSSTE,Campeche,19.8537408,-90.5283937,24326.28
COPPEL,Campeche,19.8301251,-90.5349087,24326.28
COPPEL,Campeche,18.6398299,-91.8354908,24326.28
COPPEL,Campeche,18.6381681,-91.8344183,24326.28
COPPEL,Campeche,19.8458301,-90.5352541,24326.28
COPPEL,Campeche,19.8435594,-90.5409126,24326.28
COPPEL,Campeche,19.8254244,-90.5343219,24326.28
COPPEL,Campeche,19.1877616,-90.2995785,24326.28
SURA,Campeche,18.6398299,-91.8354908,24326.28
CITIBANAMEX,Campeche,19.8379454,-90.5198013,24326.28
CITIBANAMEX,Campeche,18.6391234,-91.8318054,24326.28
XXI-BANORTE,Campeche,19.8338809,-90.5464995,24326.28
XXI-BANORTE,Campeche,18.6398299,-91.8354908,24326.28
AZTECA,Campeche,19.8408304,-90.5351987,24326.28
Nuevo CAP,Campeche,19.34753339060944, -90.7203192970066,1
INBURSA,CDMX,19.2975525,-99.18493,52737.32
INBURSA,CDMX,19.2940416,-99.127935,52737.32
INBURSA,CDMX,19.4405345,-99.2033826,52737.32
INBURSA,CDMX,19.4266838,-99.2053519,52737.32
INBURSA,CDMX,19.3568307,-99.2948439,52737.32
INBURSA,CDMX,19.3958688,-99.16713,52737.32
INBURSA,CDMX,19.4234562,-99.161194,52737.32
INBURSA,CDMX,19.3688873,-99.1663515,52737.32
INBURSA,CDMX,19.3402778,-99.2418386,52737.32
INBURSA,CDMX,19.428911,-99.2154133,52737.32
INBURSA,CDMX,19.3840244,-99.0831764,52737.32
INBURSA,CDMX,19.3047067,-99.204331,52737.32
INBURSA,CDMX,19.433616,-99.1372766,52737.32
INBURSA,CDMX,19.4971443,-99.1650324,52737.32
INBURSA,CDMX,19.2905922,-99.1311312,52737.32
INBURSA,CDMX,19.3486926,-99.1629131,52737.32
PROFUTURO,CDMX,19.3588234,-99.1947076,52737.32
PROFUTURO,CDMX,19.4311134,-99.1579396,52737.32
PROFUTURO,CDMX,19.4864753,-99.1225507,52737.32
PROFUTURO,CDMX,19.3748298,-99.1844758,52737.32
INVERCAP,CDMX,19.3609969,-99.1835889,52737.32
INVERCAP,CDMX,19.382987,-99.2418386,52737.32
INVERCAP,CDMX,19.4925271,-99.1599744,52737.32
INVERCAP,CDMX,19.4060777,-99.1700712,52737.32
INVERCAP,CDMX,19.4306425,-99.1664702,52737.32
INVERCAP,CDMX,19.4246768,-99.140282,52737.32
INVERCAP,CDMX,19.3943047,-99.122831,52737.32
INVERCAP,CDMX,19.3554454,-99.1018887,52737.32
PENSIONISSSTE,CDMX,19.3167491,-99.1237739,52737.32
PENSIONISSSTE,CDMX,19.444842,-99.151902,52737.32
PENSIONISSSTE,CDMX,19.4136232,-99.1813129,52737.32
PENSIONISSSTE,CDMX,19.384393,-99.148584,52737.32
PENSIONISSSTE,CDMX,19.3574074,-99.1987345,52737.32
PENSIONISSSTE,CDMX,19.3762289,-99.0955446,52737.32
PENSIONISSSTE,CDMX,19.3286155,-99.1086078,52737.32
COPPEL,CDMX,19.4002525,-99.2091599,52737.32
COPPEL,CDMX,19.5257721,-99.1416805,52737.32
COPPEL,CDMX,19.4580214,-99.184757,52737.32
COPPEL,CDMX,19.3568654,-99.2996805,52737.32
COPPEL,CDMX,19.3911983,-99.0453508,52737.32
COPPEL,CDMX,19.3571465,-99.0027246,52737.32
COPPEL,CDMX,19.30243,-99.1657676,52737.32
COPPEL,CDMX,19.4009393,-99.1373569,52737.32
COPPEL,CDMX,19.3519673,-99.0784054,52737.32
COPPEL,CDMX,19.3566703,-99.1159581,52737.32
COPPEL,CDMX,19.3948045,-99.0761588,52737.32
COPPEL,CDMX,19.4172364,-99.1281467,52737.32
COPPEL,CDMX,19.3475329,-99.0181196,52737.32
COPPEL,CDMX,19.4089913,-99.1204842,52737.32
COPPEL,CDMX,19.4986949,-99.0956671,52737.32
COPPEL,CDMX,19.4057613,-99.1852542,52737.32
COPPEL,CDMX,19.3619331,-99.1193297,52737.32
COPPEL,CDMX,19.374008,-99.1881545,52737.32
COPPEL,CDMX,19.2543704,-99.0163461,52737.32
COPPEL,CDMX,19.4267183,-99.1330658,52737.32
COPPEL,CDMX,19.3711918,-99.1430616,52737.32
COPPEL,CDMX,19.3438214,-99.1909866,52737.32
COPPEL,CDMX,19.4436587,-99.1657412,52737.32
COPPEL,CDMX,19.4298017,-99.1326335,52737.32
COPPEL,CDMX,19.4326077,-99.133208,52737.32
COPPEL,CDMX,19.4263318,-99.1098854,52737.32
COPPEL,CDMX,19.5899223,-99.031901,52737.32
COPPEL,CDMX,19.3723515,-99.2155337,52737.32
COPPEL,CDMX,19.3582674,-99.0895959,52737.32
COPPEL,CDMX,19.3078265,-99.2332506,52737.32
COPPEL,CDMX,19.493025,-99.0769735,52737.32
COPPEL,CDMX,19.4557685,-99.1193084,52737.32
COPPEL,CDMX,19.2703413,-99.008682,52737.32
COPPEL,CDMX,19.5441478,-99.1389133,52737.32
COPPEL,CDMX,19.388357,-99.0993957,52737.32
COPPEL,CDMX,19.4002187,-99.0610249,52737.32
COPPEL,CDMX,19.50166,-99.20419,52737.32
COPPEL,CDMX,19.321288,-99.086106,52737.32
COPPEL,CDMX,19.3054423,-99.2354811,52737.32
SURA,CDMX,19.343877,-99.0317627,52737.32
SURA,CDMX,19.3229075,-99.1338652,52737.32
SURA,CDMX,19.4265808,-99.1699522,52737.32
CITIBANAMEX,CDMX,19.3917859,-99.1632332,52737.32
CITIBANAMEX,CDMX,19.3440012,-99.1617597,52737.32
CITIBANAMEX,CDMX,19.4264685,-99.1378192,52737.32
CITIBANAMEX,CDMX,19.4133709,-99.1344392,52737.32
CITIBANAMEX,CDMX,19.4280099,-99.1487502,52737.32
CITIBANAMEX,CDMX,19.425326,-99.1696401,52737.32
CITIBANAMEX,CDMX,19.4867183,-99.1254242,52737.32
CITIBANAMEX,CDMX,19.3191446,-99.0820778,52737.32
CITIBANAMEX,CDMX,19.387718,-99.0391862,52737.32
CITIBANAMEX,CDMX,19.3982974,-99.1894022,52737.32
XXI-BANORTE,CDMX,19.4663282,-99.1435249,52737.32
XXI-BANORTE,CDMX,19.426753,-99.1618449,52737.32
XXI-BANORTE,CDMX,19.4086421,-99.1531566,52737.32
XXI-BANORTE,CDMX,19.3028975,-99.121826,52737.32
XXI-BANORTE,CDMX,19.3728823,-99.1795624,52737.32
XXI-BANORTE,CDMX,19.4249374,-99.2134442,52737.32
PRINCIPAL,CDMX,19.3948019,-99.1718459,52737.32
AZTECA,CDMX,19.3436473,-99.190653,52737.32
Nuevo CAP,CDMX,19.39416474,-99.14106971,1
INBURSA,Chiapas,16.248615,-92.1413676,61843.64
INBURSA,Chiapas,14.9171511,-92.2512956,61843.64
INBURSA,Chiapas,16.7557944,-93.149929,61843.64
INVERCAP,Chiapas,16.7548432,-93.130685,61843.64
PENSIONISSSTE,Chiapas,14.8993629,-92.2495908,61843.64
PENSIONISSSTE,Chiapas,16.7443033,-92.6342542,61843.64
PENSIONISSSTE,Chiapas,16.7513094,-93.1069386,61843.64
COPPEL,Chiapas,14.8934212,-92.2781495,61843.64
COPPEL,Chiapas,16.7347051,-92.6520436,61843.64
COPPEL,Chiapas,14.9234374,-92.256885,61843.64
COPPEL,Chiapas,16.7569318,-93.1292353,61843.64
COPPEL,Chiapas,16.7543247,-93.1192834,61843.64
COPPEL,Chiapas,16.7527681,-93.117752,61843.64
COPPEL,Chiapas,16.7430931,-93.1040461,61843.64
COPPEL,Chiapas,16.756731,-93.1670839,61843.64
COPPEL,Chiapas,17.5121384,-91.9891492,61843.64
COPPEL,Chiapas,16.7486429,-93.0806781,61843.64
COPPEL,Chiapas,14.9064188,-92.2669547,61843.64
COPPEL,Chiapas,14.9085779,-92.262388,61843.64
COPPEL,Chiapas,16.7536428,-93.1171875,61843.64
COPPEL,Chiapas,16.7427868,-92.640641,61843.64
COPPEL,Chiapas,16.0869461,-93.7612856,61843.64
COPPEL,Chiapas,15.7835784,-92.1155691,61843.64
COPPEL,Chiapas,16.6966901,-93.7216936,61843.64
COPPEL,Chiapas,16.2072118,-92.1000163,61843.64
COPPEL,Chiapas,14.9055567,-92.2634136,61843.64
COPPEL,Chiapas,14.720519,-92.424577,61843.64
COPPEL,Chiapas,16.708033,-93.0111427,61843.64
SURA,Chiapas,14.9060287,-92.2482496,61843.64
CITIBANAMEX,Chiapas,16.7212284,-92.6561571,61843.64
CITIBANAMEX,Chiapas,14.8772193,-92.2666772,61843.64
CITIBANAMEX,Chiapas,16.755784,-93.1544505,61843.64
CITIBANAMEX,Chiapas,16.7559173,-93.1271338,61843.64
XXI-BANORTE,Chiapas,14.907303,-92.2655012,61843.64
XXI-BANORTE,Chiapas,16.7487696,-93.0921446,61843.64
AZTECA,Chiapas,16.7540012,-93.116306,61843.64
Nuevo CAP,Chiapas,16.14249304,-92.73781433,1
INBURSA,Chihuahua,28.4047438,-106.8704183,29728.02
INBURSA,Chihuahua,28.1928264,-105.4613703,29728.02
INBURSA,Chihuahua,31.7217937,-106.4187489,29728.02
INBURSA,Chihuahua,28.6483386,-106.0989951,29728.02
INBURSA,Chihuahua,26.9316643,-105.6623174,29728.02
INBURSA,Chihuahua,30.4145739,-107.914715,29728.02
INVERCAP,Chihuahua,28.6658937,-106.0914826,29728.02
INVERCAP,Chihuahua,28.6276347,-106.0993508,29728.02
INVERCAP,Chihuahua,28.4021034,-106.8665147,29728.02
INVERCAP,Chihuahua,28.1978216,-105.4715852,29728.02
INVERCAP,Chihuahua,31.7223972,-106.4194234,29728.02
INVERCAP,Chihuahua,31.6597549,-106.4407699,29728.02
INVERCAP,Chihuahua,31.656442,-106.3877278,29728.02
INVERCAP,Chihuahua,30.4195514,-107.9087438,29728.02
PENSIONISSSTE,Chihuahua,31.7349424,-106.4435867,29728.02
PENSIONISSSTE,Chihuahua,28.6180364,-106.1034114,29728.02
COPPEL,Chihuahua,31.7402717,-106.487034,29728.02
COPPEL,Chihuahua,28.63992,-106.0775201,29728.02
COPPEL,Chihuahua,28.5949642,-106.107963,29728.02
COPPEL,Chihuahua,28.192333,-105.4692025,29728.02
COPPEL,Chihuahua,31.7146895,-106.45256,29728.02
COPPEL,Chihuahua,31.7050955,-106.4288557,29728.02
COPPEL,Chihuahua,28.6733791,-106.0999341,29728.02
COPPEL,Chihuahua,31.6615662,-106.4724749,29728.02
COPPEL,Chihuahua,28.4065785,-106.8661865,29728.02
COPPEL,Chihuahua,31.6542393,-106.4206196,29728.02
COPPEL,Chihuahua,31.6417998,-106.3556338,29728.02
COPPEL,Chihuahua,28.7133073,-106.1367757,29728.02
COPPEL,Chihuahua,28.4854458,-105.7820674,29728.02
COPPEL,Chihuahua,26.9323712,-105.6661806,29728.02
COPPEL,Chihuahua,31.6563048,-106.4332256,29728.02
COPPEL,Chihuahua,28.7051747,-106.1291849,29728.02
COPPEL,Chihuahua,28.6221058,-106.0297613,29728.02
COPPEL,Chihuahua,31.6272383,-106.3543909,29728.02
COPPEL,Chihuahua,31.7365889,-106.4454183,29728.02
COPPEL,Chihuahua,31.6761004,-106.4585327,29728.02
COPPEL,Chihuahua,26.9412261,-105.7044943,29728.02
COPPEL,Chihuahua,28.7371523,-106.1331004,29728.02
COPPEL,Chihuahua,28.3982731,-106.8778557,29728.02
COPPEL,Chihuahua,31.5993748,-106.3783903,29728.02
COPPEL,Chihuahua,31.6927326,-106.3805225,29728.02
COPPEL,Chihuahua,28.190233,-105.4610198,29728.02
COPPEL,Chihuahua,31.6330784,-106.3911498,29728.02
COPPEL,Chihuahua,31.7391493,-106.4856363,29728.02
COPPEL,Chihuahua,28.188284,-105.4741787,29728.02
COPPEL,Chihuahua,26.9330306,-105.6722407,29728.02
COPPEL,Chihuahua,28.2687771,-105.4804731,29728.02
COPPEL,Chihuahua,26.9352735,-105.6672576,29728.02
SURA,Chihuahua,31.7187416,-106.4570497,29728.02
SURA,Chihuahua,28.6651938,-106.1183999,29728.02
CITIBANAMEX,Chihuahua,30.4157764,-107.913442,29728.02
CITIBANAMEX,Chihuahua,28.1875813,-105.467068,29728.02
CITIBANAMEX,Chihuahua,31.6903638,-106.4245478,29728.02
CITIBANAMEX,Chihuahua,31.7450316,-106.4486852,29728.02
CITIBANAMEX,Chihuahua,28.6233832,-106.0862347,29728.02
CITIBANAMEX,Chihuahua,28.4065785,-106.8661865,29728.02
CITIBANAMEX,Chihuahua,26.9323712,-105.6661806,29728.02
XXI-BANORTE,Chihuahua,31.7382498,-106.4266004,29728.02
XXI-BANORTE,Chihuahua,28.6229502,-106.0544517,29728.02
PRINCIPAL,Chihuahua,28.6730595,-106.1345611,29728.02
PRINCIPAL,Chihuahua,28.4854458,-105.7820674,29728.02
AZTECA,Chihuahua,31.743885,-106.4858629,29728.02
Nuevo CAP,Chihuahua,29.67789723,-106.2243476,1
INBURSA,Coahuila,29.3232963,-100.9514187,26210.19
INBURSA,Coahuila,26.9137016,-101.4283113,26210.19
INBURSA,Coahuila,28.6879981,-100.541484,26210.19
INBURSA,Coahuila,25.4338821,-100.9972605,26210.19
INBURSA,Coahuila,25.5638277,-103.4290067,26210.19
PROFUTURO,Coahuila,25.5419632,-103.4095637,26210.19
PROFUTURO,Coahuila,25.4566448,-100.9825108,26210.19
PROFUTURO,Coahuila,26.9141785,-101.4275715,26210.19
INVERCAP,Coahuila,27.058676,-101.7068294,26210.19
INVERCAP,Coahuila,28.7043455,-100.5221259,26210.19
INVERCAP,Coahuila,25.4385038,-100.9983646,26210.19
INVERCAP,Coahuila,25.5443964,-103.4445573,26210.19
INVERCAP,Coahuila,25.5774101,-103.409278,26210.19
INVERCAP,Coahuila,27.8523448,-101.1263507,26210.19
PENSIONISSSTE,Coahuila,25.5486569,-100.9437106,26210.19
PENSIONISSSTE,Coahuila,25.446294,-100.994901,26210.19
COPPEL,Coahuila,25.5365304,-103.4527456,26210.19
COPPEL,Coahuila,25.434584,-101.0055196,26210.19
COPPEL,Coahuila,26.9020408,-101.4180758,26210.19
COPPEL,Coahuila,25.4245275,-101.0037971,26210.19
COPPEL,Coahuila,25.534222,-103.407262,26210.19
COPPEL,Coahuila,27.058676,-101.7068294,26210.19
COPPEL,Coahuila,25.5350694,-103.4661834,26210.19
COPPEL,Coahuila,25.507163,-103.402016,26210.19
COPPEL,Coahuila,26.9006086,-101.4398593,26210.19
COPPEL,Coahuila,25.5649026,-103.4415675,26210.19
COPPEL,Coahuila,28.7068343,-100.5141661,26210.19
COPPEL,Coahuila,25.4171401,-100.9717538,26210.19
COPPEL,Coahuila,27.9334245,-101.2265231,26210.19
COPPEL,Coahuila,25.5340336,-103.2507472,26210.19
COPPEL,Coahuila,25.7587968,-102.9824168,26210.19
COPPEL,Coahuila,25.434448,-100.9453814,26210.19
COPPEL,Coahuila,25.5544132,-100.944282,26210.19
COPPEL,Coahuila,28.6847295,-100.54696,26210.19
COPPEL,Coahuila,25.5429234,-103.4509286,26210.19
COPPEL,Coahuila,25.4242175,-101.0027591,26210.19
COPPEL,Coahuila,25.5372175,-103.4611305,26210.19
COPPEL,Coahuila,25.4421383,-100.9804354,26210.19
COPPEL,Coahuila,29.3276406,-100.9759315,26210.19
SURA,Coahuila,29.322909,-100.9312575,26210.19
SURA,Coahuila,26.9080378,-101.4215236,26210.19
SURA,Coahuila,25.5709348,-103.4204442,26210.19
SURA,Coahuila,25.4525831,-100.952091,26210.19
CITIBANAMEX,Coahuila,29.3276406,-100.9759315,26210.19
CITIBANAMEX,Coahuila,26.8996199,-101.4197205,26210.19
CITIBANAMEX,Coahuila,28.694826,-100.5275022,26210.19
CITIBANAMEX,Coahuila,25.461557,-100.978348,26210.19
CITIBANAMEX,Coahuila,25.5423132,-103.4432905,26210.19
CITIBANAMEX,Coahuila,25.5592412,-103.4344247,26210.19
XXI-BANORTE,Coahuila,29.333111,-100.957611,26210.19
XXI-BANORTE,Coahuila,26.9080378,-101.4215236,26210.19
XXI-BANORTE,Coahuila,27.9375597,-101.2113252,26210.19
XXI-BANORTE,Coahuila,28.7063484,-100.5310602,26210.19
XXI-BANORTE,Coahuila,25.4470602,-100.9993804,26210.19
XXI-BANORTE,Coahuila,25.4524752,-100.9869929,26210.19
XXI-BANORTE,Coahuila,25.5442967,-103.4489827,26210.19
XXI-BANORTE,Coahuila,25.5455375,-103.4527938,26210.19
PRINCIPAL,Coahuila,25.5589086,-103.4360502,26210.19
PRINCIPAL,Coahuila,25.4331771,-100.9957251,26210.19
Nuevo CAP,Coahuila,26.47567314,-101.8337694,1
INBURSA,Colima,19.2549677,-103.7155904,17141.19
INBURSA,Colima,19.0964202,-104.3041502,17141.19
INVERCAP,Colima,19.2576606,-103.7178529,17141.19
INVERCAP,Colima,19.1065833,-104.3358207,17141.19
PENSIONISSSTE,Colima,19.272548,-103.734967,17141.19
COPPEL,Colima,19.2438822,-103.7390894,17141.19
COPPEL,Colima,19.240026,-103.7231429,17141.19
COPPEL,Colima,18.9118196,-103.8723082,17141.19
COPPEL,Colima,19.2724025,-103.7369358,17141.19
COPPEL,Colima,19.0722871,-104.2793668,17141.19
COPPEL,Colima,19.2427776,-103.7374697,17141.19
COPPEL,Colima,19.241945,-103.7257042,17141.19
COPPEL,Colima,19.0501108,-104.3185668,17141.19
COPPEL,Colima,18.9107204,-103.8760325,17141.19
COPPEL,Colima,19.3291594,-103.602993,17141.19
SURA,Colima,19.2530872,-103.7130333,17141.19
CITIBANAMEX,Colima,19.2403456,-103.7281926,17141.19
CITIBANAMEX,Colima,19.0497472,-104.3224637,17141.19
XXI-BANORTE,Colima,19.2452571,-103.7139191,17141.19
PRINCIPAL,Colima,19.109394,-104.3196218,17141.19
AZTECA,Colima,19.2450546,-103.7290524,17141.19
Nuevo CAP,Colima,19.16777717,-103.8835815,1
INBURSA,Durango,24.0482868,-104.6217329,38789
PROFUTURO,Durango,24.0289931,-104.6442301,38789
INVERCAP,Durango,24.0300306,-104.6456206,38789
INVERCAP,Durango,25.5494619,-103.4784961,38789
PENSIONISSSTE,Durango,25.5545574,-103.508086,38789
PENSIONISSSTE,Durango,24.021162,-104.671233,38789
COPPEL,Durango,24.0258092,-104.6669355,38789
COPPEL,Durango,24.5592665,-104.6587821,38789
COPPEL,Durango,24.0229949,-104.668303,38789
COPPEL,Durango,25.5537148,-103.5063278,38789
COPPEL,Durango,24.0438612,-104.6312775,38789
COPPEL,Durango,24.0230219,-104.6703975,38789
COPPEL,Durango,24.0076285,-104.6641195,38789
COPPEL,Durango,25.5942357,-103.5032103,38789
COPPEL,Durango,25.5457865,-103.5196068,38789
COPPEL,Durango,24.0277202,-104.6531759,38789
COPPEL,Durango,25.3384562,-105.7217668,38789
SURA,Durango,24.0283729,-104.6614581,38789
CITIBANAMEX,Durango,24.0283436,-104.6493255,38789
CITIBANAMEX,Durango,25.5488873,-103.4729563,38789
XXI-BANORTE,Durango,24.0315455,-104.6537497,38789
AZTECA,Durango,24.0277202,-104.6531759,38789
Nuevo CAP,Durango,24.53674703,-104.4191178,1
INBURSA,Estado de México,19.6057728,-99.0365112,49952.19
INBURSA,Estado de México,19.4261696,-99.0194002,49952.19
INBURSA,Estado de México,19.6659588,-99.2094687,49952.19
INBURSA,Estado de México,19.5273191,-99.1014523,49952.19
INBURSA,Estado de México,19.2742674,-99.5736939,49952.19
INBURSA,Estado de México,19.5316781,-99.220109,49952.19
INBURSA,Estado de México,19.5145573,-98.8528126,49952.19
INBURSA,Estado de México,19.2713414,-99.6307313,49952.19
PROFUTURO,Estado de México,19.2826098,-99.6556653,49952.19
INVERCAP,Estado de México,19.2763372,-98.8990118,49952.19
INVERCAP,Estado de México,19.6550654,-99.207905,49952.19
INVERCAP,Estado de México,19.6334506,-99.0765196,49952.19
INVERCAP,Estado de México,19.2616675,-99.6110749,49952.19
INVERCAP,Estado de México,19.4953521,-99.2363407,49952.19
INVERCAP,Estado de México,19.5413479,-99.2148424,49952.19
INVERCAP,Estado de México,20.0535516,-99.3395636,49952.19
INVERCAP,Estado de México,19.5386665,-99.0662121,49952.19
PENSIONISSSTE,Estado de México,19.641655,-99.135953,49952.19
PENSIONISSSTE,Estado de México,19.68572,-99.213646,49952.19
PENSIONISSSTE,Estado de México,19.6044288,-99.0123901,49952.19
PENSIONISSSTE,Estado de México,19.2922765,-99.6233734,49952.19
PENSIONISSSTE,Estado de México,19.3572844,-99.1984595,49952.19
COPPEL,Estado de México,19.2899863,-99.6553117,49952.19
COPPEL,Estado de México,19.6550654,-99.207905,49952.19
COPPEL,Estado de México,19.4709414,-99.2363597,49952.19
COPPEL,Estado de México,19.3109604,-98.9141864,49952.19
COPPEL,Estado de México,19.3347211,-98.5806193,49952.19
COPPEL,Estado de México,19.6619175,-99.2250328,49952.19
COPPEL,Estado de México,19.6467878,-99.1706503,49952.19
COPPEL,Estado de México,19.6891727,-99.2315943,49952.19
COPPEL,Estado de México,19.6329012,-99.0935692,49952.19
COPPEL,Estado de México,19.6296405,-99.0861716,49952.19
COPPEL,Estado de México,19.5384145,-99.1940708,49952.19
COPPEL,Estado de México,19.6695666,-99.1774894,49952.19
COPPEL,Estado de México,19.5086565,-99.0610395,49952.19
COPPEL,Estado de México,19.2782985,-99.5940824,49952.19
COPPEL,Estado de México,19.6180336,-99.0664593,49952.19
COPPEL,Estado de México,19.3136199,-98.8875681,49952.19
COPPEL,Estado de México,19.2779068,-98.9459236,49952.19
COPPEL,Estado de México,19.5682547,-99.044541,49952.19
COPPEL,Estado de México,19.4167053,-98.9065987,49952.19
COPPEL,Estado de México,19.6142161,-99.1804959,49952.19
COPPEL,Estado de México,19.4968732,-99.7232673,49952.19
COPPEL,Estado de México,19.3554896,-98.9825083,49952.19
COPPEL,Estado de México,19.409945,-98.928178,49952.19
COPPEL,Estado de México,19.6179196,-99.0269666,49952.19
COPPEL,Estado de México,19.4029316,-98.9878592,49952.19
COPPEL,Estado de México,18.9582154,-99.5914303,49952.19
COPPEL,Estado de México,19.2875715,-99.5532668,49952.19
COPPEL,Estado de México,19.7122303,-98.9719369,49952.19
COPPEL,Estado de México,19.6430593,-99.1359486,49952.19
COPPEL,Estado de México,19.3042439,-99.0596444,49952.19
COPPEL,Estado de México,19.4021051,-99.0332276,49952.19
COPPEL,Estado de México,19.4276038,-98.9648614,49952.19
COPPEL,Estado de México,19.2634656,-98.8966841,49952.19
COPPEL,Estado de México,19.5665733,-99.7657164,49952.19
COPPEL,Estado de México,19.7974149,-99.1033378,49952.19
COPPEL,Estado de México,19.6025639,-99.0504376,49952.19
COPPEL,Estado de México,19.5774785,-99.0243799,49952.19
COPPEL,Estado de México,19.6508251,-99.258585,49952.19
COPPEL,Estado de México,19.2717274,-98.8901834,49952.19
COPPEL,Estado de México,19.5060382,-98.8831503,49952.19
COPPEL,Estado de México,19.4423709,-98.90177,49952.19
COPPEL,Estado de México,19.5079557,-98.8818793,49952.19
COPPEL,Estado de México,19.1051968,-99.5909956,49952.19
COPPEL,Estado de México,19.6066768,-99.2264973,49952.19
COPPEL,Estado de México,19.6200469,-99.0359727,49952.19
COPPEL,Estado de México,19.7898329,-99.8877818,49952.19
COPPEL,Estado de México,19.6078245,-99.187333,49952.19
COPPEL,Estado de México,18.9042433,-100.1536727,49952.19
COPPEL,Estado de México,19.6233176,-99.3167029,49952.19
COPPEL,Estado de México,19.2621411,-98.8984422,49952.19
COPPEL,Estado de México,19.359979,-98.9769204,49952.19
COPPEL,Estado de México,19.4740328,-99.2328344,49952.19
COPPEL,Estado de México,19.5388867,-99.1935841,49952.19
COPPEL,Estado de México,19.292272,-99.6528632,49952.19
COPPEL,Estado de México,19.2887799,-99.6545601,49952.19
COPPEL,Estado de México,19.709994,-98.9685177,49952.19
COPPEL,Estado de México,19.3946249,-99.0413397,49952.19
COPPEL,Estado de México,19.1272959,-98.7692718,49952.19
COPPEL,Estado de México,19.2757925,-98.8841211,49952.19
COPPEL,Estado de México,19.3131096,-98.8900033,49952.19
COPPEL,Estado de México,19.6805022,-98.995876,49952.19
COPPEL,Estado de México,19.5137221,-98.8850038,49952.19
COPPEL,Estado de México,19.3581802,-98.984202,49952.19
COPPEL,Estado de México,19.6086505,-99.0180765,49952.19
COPPEL,Estado de México,19.7125874,-99.2236019,49952.19
COPPEL,Estado de México,19.6803154,-99.0929046,49952.19
COPPEL,Estado de México,19.5646651,-98.8955634,49952.19
COPPEL,Estado de México,19.1783392,-98.642728,49952.19
COPPEL,Estado de México,19.3284842,-98.9475825,49952.19
COPPEL,Estado de México,19.5956285,-99.0052739,49952.19
COPPEL,Estado de México,19.2884793,-98.9369537,49952.19
COPPEL,Estado de México,19.5622995,-99.2492201,49952.19
COPPEL,Estado de México,19.5185225,-99.1088481,49952.19
COPPEL,Estado de México,19.1776862,-99.4700459,49952.19
COPPEL,Estado de México,19.2859785,-99.5208827,49952.19
COPPEL,Estado de México,19.6707258,-99.1817838,49952.19
COPPEL,Estado de México,19.7531658,-99.1913978,49952.19
COPPEL,Estado de México,19.6533104,-99.0951701,49952.19
COPPEL,Estado de México,19.290081,-99.658708,49952.19
COPPEL,Estado de México,19.5645003,-99.2431456,49952.19
COPPEL,Estado de México,19.5037654,-99.0414727,49952.19
COPPEL,Estado de México,19.5683892,-99.2489455,49952.19
COPPEL,Estado de México,19.5421295,-99.1948807,49952.19
COPPEL,Estado de México,19.631078,-99.1184652,49952.19
COPPEL,Estado de México,19.4587034,-99.2382454,49952.19
COPPEL,Estado de México,19.6365442,-99.3609381,49952.19
COPPEL,Estado de México,19.5974662,-99.0188989,49952.19
COPPEL,Estado de México,19.1401997,-98.7724808,49952.19
COPPEL,Estado de México,19.6807334,-99.0933852,49952.19
COPPEL,Estado de México,19.3501553,-99.5930607,49952.19
COPPEL,Estado de México,19.7694903,-98.9834938,49952.19
COPPEL,Estado de México,19.2577619,-99.5974299,49952.19
COPPEL,Estado de México,19.3697601,-98.9625534,49952.19
COPPEL,Estado de México,19.4587054,-99.2337001,49952.19
COPPEL,Estado de México,19.183328,-99.4689823,49952.19
COPPEL,Estado de México,19.8315796,-99.2082571,49952.19
COPPEL,Estado de México,19.3045671,-98.9536993,49952.19
COPPEL,Estado de México,19.8421699,-99.2414177,49952.19
COPPEL,Estado de México,19.6567742,-99.1183253,49952.19
COPPEL,Estado de México,19.5392472,-99.1946908,49952.19
COPPEL,Estado de México,19.5514091,-99.076155,49952.19
COPPEL,Estado de México,19.4463093,-99.1531572,49952.19
COPPEL,Estado de México,19.6676396,-99.244603,49952.19
COPPEL,Estado de México,19.0345705,-98.7979843,49952.19
COPPEL,Estado de México,19.6861751,-98.8686715,49952.19
COPPEL,Estado de México,19.63388,-99.09686,49952.19
COPPEL,Estado de México,19.5155078,-98.8670163,49952.19
COPPEL,Estado de México,19.4918814,-99.0466405,49952.19
COPPEL,Estado de México,19.7743372,-99.114621,49952.19
COPPEL,Estado de México,19.4121482,-98.9330356,49952.19
COPPEL,Estado de México,19.2679057,-99.646424,49952.19
COPPEL,Estado de México,19.035565,-98.8093064,49952.19
COPPEL,Estado de México,19.6414723,-99.0586132,49952.19
COPPEL,Estado de México,19.3095114,-99.5855178,49952.19
COPPEL,Estado de México,19.5579877,-99.0490829,49952.19
COPPEL,Estado de México,19.957459,-99.5325828,49952.19
COPPEL,Estado de México,19.4167421,-98.9025681,49952.19
COPPEL,Estado de México,19.5442171,-99.0728323,49952.19
COPPEL,Estado de México,19.2903829,-99.7345025,49952.19
SURA,Estado de México,19.6289765,-99.1347017,49952.19
SURA,Estado de México,19.5105351,-99.219672,49952.19
SURA,Estado de México,19.2765715,-99.6359223,49952.19
CITIBANAMEX,Estado de México,19.6696299,-99.1816867,49952.19
CITIBANAMEX,Estado de México,19.652224,-99.2067366,49952.19
CITIBANAMEX,Estado de México,19.6203481,-99.068156,49952.19
CITIBANAMEX,Estado de México,19.5442171,-99.0728323,49952.19
CITIBANAMEX,Estado de México,19.3129436,-98.8839694,49952.19
CITIBANAMEX,Estado de México,19.3005293,-99.5318525,49952.19
CITIBANAMEX,Estado de México,19.4662557,-99.2318821,49952.19
CITIBANAMEX,Estado de México,19.5364154,-99.1954215,49952.19
CITIBANAMEX,Estado de México,19.2842734,-99.6376585,49952.19
CITIBANAMEX,Estado de México,19.2779568,-99.6582244,49952.19
XXI-BANORTE,Estado de México,19.4763974,-99.2252013,49952.19
XXI-BANORTE,Estado de México,19.5300268,-99.0769748,49952.19
XXI-BANORTE,Estado de México,19.5373142,-99.2080629,49952.19
XXI-BANORTE,Estado de México,19.3578827,-98.9893452,49952.19
XXI-BANORTE,Estado de México,19.2880094,-99.6584878,49952.19
XXI-BANORTE,Estado de México,19.6692956,-99.1812806,49952.19
PRINCIPAL,Estado de México,19.467128,-99.223775,49952.19
PRINCIPAL,Estado de México,19.4968732,-99.7232673,49952.19
AZTECA,Estado de México,19.563338,-99.2132549,49952.19
Nuevo CAP,Estado de México,19.431106509649446,-98.95703569968644,1
INBURSA,Guanajuato,20.5201708,-100.798132,35426.58
INBURSA,Guanajuato,21.0311512,-101.8557271,35426.58
INBURSA,Guanajuato,20.6877797,-101.3497098,35426.58
INBURSA,Guanajuato,21.1474282,-101.7027891,35426.58
INBURSA,Guanajuato,21.109618,-101.6904626,35426.58
INBURSA,Guanajuato,20.5836761,-101.2145272,35426.58
INBURSA,Guanajuato,20.9039532,-100.7278496,35426.58
PROFUTURO,Guanajuato,20.6890382,-101.3604809,35426.58
PROFUTURO,Guanajuato,21.1039438,-101.6486946,35426.58
PROFUTURO,Guanajuato,20.5192027,-100.8316224,35426.58
INVERCAP,Guanajuato,20.5281876,-100.8066376,35426.58
INVERCAP,Guanajuato,20.6892914,-101.3552688,35426.58
INVERCAP,Guanajuato,21.1193238,-101.6640547,35426.58
INVERCAP,Guanajuato,20.5721858,-101.1999657,35426.58
PENSIONISSSTE,Guanajuato,20.532269,-100.827153,35426.58
COPPEL,Guanajuato,21.1199343,-101.6832585,35426.58
COPPEL,Guanajuato,20.5197463,-100.8104069,35426.58
COPPEL,Guanajuato,20.6715483,-101.3481142,35426.58
COPPEL,Guanajuato,21.099633,-101.6354555,35426.58
COPPEL,Guanajuato,21.1211701,-101.6826359,35426.58
COPPEL,Guanajuato,21.1245091,-101.6827693,35426.58
COPPEL,Guanajuato,20.5229269,-100.8378541,35426.58
COPPEL,Guanajuato,21.1317337,-101.6586372,35426.58
COPPEL,Guanajuato,20.4856969,-100.9627273,35426.58
COPPEL,Guanajuato,21.0162182,-101.8582995,35426.58
COPPEL,Guanajuato,20.0305956,-100.7208391,35426.58
COPPEL,Guanajuato,21.1059274,-101.7004453,35426.58
COPPEL,Guanajuato,20.3927907,-101.181152,35426.58
COPPEL,Guanajuato,20.6714496,-101.3716302,35426.58
COPPEL,Guanajuato,21.1426828,-101.6380239,35426.58
COPPEL,Guanajuato,20.5749201,-101.1995037,35426.58
COPPEL,Guanajuato,20.6754983,-101.3404467,35426.58
COPPEL,Guanajuato,21.0821629,-101.6410483,35426.58
COPPEL,Guanajuato,20.9435213,-101.425398,35426.58
COPPEL,Guanajuato,21.1583917,-100.9326698,35426.58
COPPEL,Guanajuato,20.5262035,-100.8484653,35426.58
COPPEL,Guanajuato,20.4298196,-101.723577,35426.58
COPPEL,Guanajuato,21.2973139,-100.5260149,35426.58
COPPEL,Guanajuato,21.0206629,-101.2587114,35426.58
COPPEL,Guanajuato,20.1193202,-101.1767913,35426.58
COPPEL,Guanajuato,20.5203446,-100.8155201,35426.58
COPPEL,Guanajuato,20.570326,-101.1995528,35426.58
COPPEL,Guanajuato,21.0174609,-101.2569467,35426.58
COPPEL,Guanajuato,20.3940037,-101.1820767,35426.58
COPPEL,Guanajuato,20.578068,-101.2154967,35426.58
COPPEL,Guanajuato,20.484853,-100.9631193,35426.58
COPPEL,Guanajuato,20.0315193,-100.7203767,35426.58
COPPEL,Guanajuato,20.459571,-101.529684,35426.58
COPPEL,Guanajuato,20.6756743,-101.3421197,35426.58
COPPEL,Guanajuato,21.1221046,-101.6861823,35426.58
COPPEL,Guanajuato,20.1331139,-101.1880162,35426.58
COPPEL,Guanajuato,20.6431079,-100.9891788,35426.58
COPPEL,Guanajuato,21.1580386,-100.9359799,35426.58
COPPEL,Guanajuato,21.1460754,-101.6479787,35426.58
COPPEL,Guanajuato,20.8721811,-101.5157705,35426.58
COPPEL,Guanajuato,20.3738191,-101.0644358,35426.58
COPPEL,Guanajuato,20.621632,-101.6698299,35426.58
COPPEL,Guanajuato,20.9118333,-100.7407895,35426.58
COPPEL,Guanajuato,20.4846205,-100.9623328,35426.58
COPPEL,Guanajuato,20.2115927,-100.8793258,35426.58
COPPEL,Guanajuato,21.0047235,-100.3813291,35426.58
COPPEL,Guanajuato,20.5446948,-100.6844284,35426.58
COPPEL,Guanajuato,20.5568822,-101.2023556,35426.58
COPPEL,Guanajuato,21.1758747,-101.6640771,35426.58
COPPEL,Guanajuato,20.9170187,-101.1617356,35426.58
COPPEL,Guanajuato,20.643933,-100.9935281,35426.58
SURA,Guanajuato,20.5081789,-100.8156698,35426.58
SURA,Guanajuato,21.1616182,-101.6943475,35426.58
CITIBANAMEX,Guanajuato,20.5190186,-100.8315226,35426.58
CITIBANAMEX,Guanajuato,21.0167018,-101.2561431,35426.58
CITIBANAMEX,Guanajuato,21.0173288,-101.2553015,35426.58
CITIBANAMEX,Guanajuato,21.1248955,-101.6809276,35426.58
XXI-BANORTE,Guanajuato,20.5203446,-100.8155201,35426.58
XXI-BANORTE,Guanajuato,21.0128123,-101.261732,35426.58
XXI-BANORTE,Guanajuato,20.6895292,-101.3544332,35426.58
XXI-BANORTE,Guanajuato,21.1476788,-101.6859711,35426.58
XXI-BANORTE,Guanajuato,21.1333162,-101.6876081,35426.58
XXI-BANORTE,Guanajuato,20.5870169,-101.1865127,35426.58
PRINCIPAL,Guanajuato,21.1557371,-101.7053482,35426.58
AZTECA,Guanajuato,20.5245763,-100.812148,35426.58
Nuevo CAP,Guanajuato,20.75308397,-101.2356545,1
INBURSA,Guerrero,16.8537801,-99.8570544,50493.16
INBURSA,Guerrero,17.5420436,-99.5012095,50493.16
INBURSA,Guerrero,18.3453603,-99.536755,50493.16
INBURSA,Guerrero,17.6426434,-101.5546468,50493.16
PROFUTURO,Guerrero,16.8567136,-99.8627858,50493.16
INVERCAP,Guerrero,16.8615142,-99.8742704,50493.16
PENSIONISSSTE,Guerrero,16.85402,-99.857197,50493.16
COPPEL,Guerrero,17.4391926,-99.5450974,50493.16
COPPEL,Guerrero,17.5433824,-99.50157,50493.16
COPPEL,Guerrero,16.9051744,-99.8260711,50493.16
COPPEL,Guerrero,17.6426434,-101.5546468,50493.16
COPPEL,Guerrero,16.8579672,-99.9156031,50493.16
COPPEL,Guerrero,16.8911414,-99.8347274,50493.16
COPPEL,Guerrero,18.3415785,-99.5279741,50493.16
COPPEL,Guerrero,18.5526654,-99.6027784,50493.16
COPPEL,Guerrero,16.8529936,-99.9062524,50493.16
COPPEL,Guerrero,17.5539614,-99.502004,50493.16
COPPEL,Guerrero,18.3439789,-99.5384606,50493.16
COPPEL,Guerrero,17.6549661,-99.5252856,50493.16
COPPEL,Guerrero,18.3450068,-99.5303868,50493.16
COPPEL,Guerrero,17.6920477,-101.5816534,50493.16
COPPEL,Guerrero,16.8558901,-99.9015731,50493.16
COPPEL,Guerrero,16.8296228,-99.8132833,50493.16
COPPEL,Guerrero,18.3653839,-99.8658847,50493.16
SURA,Guerrero,16.8562483,-99.8603807,50493.16
CITIBANAMEX,Guerrero,16.8568073,-99.900984,50493.16
CITIBANAMEX,Guerrero,17.5522448,-99.5020257,50493.16
CITIBANAMEX,Guerrero,18.3453603,-99.536755,50493.16
CITIBANAMEX,Guerrero,17.6920477,-101.5816534,50493.16
XXI-BANORTE,Guerrero,16.8576852,-99.9045044,50493.16
AZTECA,Guerrero,16.8555974,-99.9019677,50493.16
Nuevo CAP,Guerrero,17.49176347,-99.95172987,1
INBURSA,Hidalgo,20.1147327,-98.7468829,44472.12
INBURSA,Hidalgo,20.0559901,-99.3344059,44472.12
PROFUTURO,Hidalgo,20.0969247,-98.7782809,44472.12
INVERCAP,Hidalgo,20.1216178,-98.7375765,44472.12
PENSIONISSSTE,Hidalgo,20.116257,-98.742239,44472.12
COPPEL,Hidalgo,20.0983505,-98.7614208,44472.12
COPPEL,Hidalgo,20.0577539,-99.3437247,44472.12
COPPEL,Hidalgo,20.4848596,-99.2156513,44472.12
COPPEL,Hidalgo,20.0789062,-98.3673585,44472.12
COPPEL,Hidalgo,20.0904802,-98.3690922,44472.12
COPPEL,Hidalgo,20.0550447,-98.7818879,44472.12
COPPEL,Hidalgo,19.8368691,-98.97993,44472.12
COPPEL,Hidalgo,19.6481902,-98.5452503,44472.12
COPPEL,Hidalgo,19.9069132,-99.3388701,44472.12
COPPEL,Hidalgo,20.4728852,-99.2091288,44472.12
COPPEL,Hidalgo,20.1277981,-98.7311895,44472.12
COPPEL,Hidalgo,20.0843785,-98.3692634,44472.12
COPPEL,Hidalgo,20.0830074,-98.3674194,44472.12
COPPEL,Hidalgo,19.8432177,-98.9776727,44472.12
COPPEL,Hidalgo,19.9765739,-99.4439678,44472.12
COPPEL,Hidalgo,20.248063,-99.189182,44472.12
COPPEL,Hidalgo,20.2756405,-98.9526541,44472.12
COPPEL,Hidalgo,20.1243666,-98.7357274,44472.12
COPPEL,Hidalgo,20.0922815,-99.2210179,44472.12
COPPEL,Hidalgo,21.1426954,-98.4138851,44472.12
SURA,Hidalgo,20.1131141,-98.7446817,44472.12
CITIBANAMEX,Hidalgo,20.1086742,-98.7556136,44472.12
CITIBANAMEX,Hidalgo,19.8436177,-98.9776255,44472.12
CITIBANAMEX,Hidalgo,20.0571095,-99.3402472,44472.12
CITIBANAMEX,Hidalgo,20.1090033,-98.3522788,44472.12
XXI-BANORTE,Hidalgo,20.113227,-98.7468476,44472.12
XXI-BANORTE,Hidalgo,20.112525,-98.747931,44472.12
AZTECA,Hidalgo,20.1288684,-98.7314691,44472.12
Nuevo CAP,Hidalgo,20.12107354,-98.8571534,1
INBURSA,Jalisco,20.6741879,-103.3780165,42800.66
INBURSA,Jalisco,20.6595382,-103.3494376,42800.66
INBURSA,Jalisco,20.6410799,-103.4021213,42800.66
INBURSA,Jalisco,20.6725573,-105.2497679,42800.66
INBURSA,Jalisco,20.8012387,-102.7630322,42800.66
PROFUTURO,Jalisco,20.6332499,-103.4265687,42800.66
PROFUTURO,Jalisco,20.6763341,-103.3688637,42800.66
INVERCAP,Jalisco,20.7060102,-102.3432705,42800.66
INVERCAP,Jalisco,20.6740234,-103.3735354,42800.66
INVERCAP,Jalisco,20.6661685,-103.3946754,42800.66
INVERCAP,Jalisco,20.349885,-102.7738548,42800.66
INVERCAP,Jalisco,20.6290814,-105.2290342,42800.66
INVERCAP,Jalisco,20.8140885,-102.7604165,42800.66
INVERCAP,Jalisco,20.6215171,-103.4227233,42800.66
PENSIONISSSTE,Jalisco,20.6630626,-103.2965445,42800.66
PENSIONISSSTE,Jalisco,20.684962,-103.347374,42800.66
COPPEL,Jalisco,20.6328078,-105.2299459,42800.66
COPPEL,Jalisco,21.3614464,-101.9209228,42800.66
COPPEL,Jalisco,20.6250841,-103.3065131,42800.66
COPPEL,Jalisco,20.6595382,-103.3494376,42800.66
COPPEL,Jalisco,20.7228513,-103.3910645,42800.66
COPPEL,Jalisco,20.6866131,-103.3507872,42800.66
COPPEL,Jalisco,20.7195443,-103.3196241,42800.66
COPPEL,Jalisco,20.674257,-103.3500652,42800.66
COPPEL,Jalisco,20.6562232,-103.4326187,42800.66
COPPEL,Jalisco,20.5469141,-104.0466657,42800.66
COPPEL,Jalisco,20.6381008,-103.3081996,42800.66
COPPEL,Jalisco,20.6122932,-103.3415581,42800.66
COPPEL,Jalisco,20.6310104,-103.2667988,42800.66
COPPEL,Jalisco,20.7208648,-103.3458239,42800.66
COPPEL,Jalisco,19.7033963,-103.4675589,42800.66
COPPEL,Jalisco,20.6098697,-105.2333768,42800.66
COPPEL,Jalisco,20.8062059,-102.7567119,42800.66
COPPEL,Jalisco,20.623146,-103.3941706,42800.66
COPPEL,Jalisco,20.5272053,-103.3784948,42800.66
COPPEL,Jalisco,21.2422158,-102.3334576,42800.66
COPPEL,Jalisco,20.53572,-103.47486,42800.66
COPPEL,Jalisco,19.2377398,-104.5604063,42800.66
COPPEL,Jalisco,20.7054346,-102.3460017,42800.66
COPPEL,Jalisco,20.7325445,-103.4512176,42800.66
COPPEL,Jalisco,20.6733827,-103.2771703,42800.66
COPPEL,Jalisco,20.6041421,-103.4011497,42800.66
COPPEL,Jalisco,20.7012328,-103.3226345,42800.66
COPPEL,Jalisco,20.6582608,-103.3730455,42800.66
COPPEL,Jalisco,20.6589851,-103.3399585,42800.66
COPPEL,Jalisco,20.6749935,-103.3484422,42800.66
COPPEL,Jalisco,19.9159317,-103.0205293,42800.66
COPPEL,Jalisco,20.6820247,-103.3161386,42800.66
COPPEL,Jalisco,20.6948571,-103.2976811,42800.66
COPPEL,Jalisco,21.3540813,-101.9376597,42800.66
COPPEL,Jalisco,20.301495,-103.1897943,42800.66
COPPEL,Jalisco,20.7157879,-103.3211682,42800.66
COPPEL,Jalisco,20.7262794,-103.3683799,42800.66
COPPEL,Jalisco,20.8832248,-103.8359139,42800.66
COPPEL,Jalisco,20.6248382,-103.2422247,42800.66
COPPEL,Jalisco,20.630061,-103.3768492,42800.66
COPPEL,Jalisco,21.01381,-102.1832854,42800.66
COPPEL,Jalisco,20.612323,-103.2855357,42800.66
COPPEL,Jalisco,19.5572679,-103.3789461,42800.66
COPPEL,Jalisco,20.704769,-103.316395,42800.66
COPPEL,Jalisco,20.7074095,-102.3478193,42800.66
COPPEL,Jalisco,20.677551,-103.34887,42800.66
COPPEL,Jalisco,20.4746338,-103.4475643,42800.66
COPPEL,Jalisco,20.349885,-102.7738548,42800.66
COPPEL,Jalisco,20.740074,-103.387465,42800.66
COPPEL,Jalisco,20.679381,-103.2830847,42800.66
COPPEL,Jalisco,19.7705672,-104.3673939,42800.66
COPPEL,Jalisco,20.6423209,-103.4491338,42800.66
COPPEL,Jalisco,20.6338918,-103.3998437,42800.66
COPPEL,Jalisco,20.6410009,-105.2180181,42800.66
COPPEL,Jalisco,20.6396692,-103.3255216,42800.66
COPPEL,Jalisco,20.5259239,-103.3862151,42800.66
COPPEL,Jalisco,19.8044132,-104.215728,42800.66
SURA,Jalisco,20.674257,-103.3500652,42800.66
SURA,Jalisco,20.650445,-103.3982187,42800.66
SURA,Jalisco,20.6346736,-105.231914,42800.66
CITIBANAMEX,Jalisco,19.695379,-103.4687718,42800.66
CITIBANAMEX,Jalisco,20.649944,-103.3604875,42800.66
CITIBANAMEX,Jalisco,20.6446545,-103.3377993,42800.66
CITIBANAMEX,Jalisco,20.6743433,-103.3664002,42800.66
CITIBANAMEX,Jalisco,21.3543984,-101.9300375,42800.66
CITIBANAMEX,Jalisco,20.349885,-102.7738548,42800.66
CITIBANAMEX,Jalisco,20.6098697,-105.2333768,42800.66
CITIBANAMEX,Jalisco,20.8188002,-102.7623586,42800.66
CITIBANAMEX,Jalisco,20.7219463,-103.3938629,42800.66
XXI-BANORTE,Jalisco,20.6972328,-103.3745031,42800.66
XXI-BANORTE,Jalisco,20.689097,-103.3284089,42800.66
XXI-BANORTE,Jalisco,20.6418559,-105.220897,42800.66
XXI-BANORTE,Jalisco,20.674223,-103.3696945,42800.66
PRINCIPAL,Jalisco,20.6788119,-103.3720654,42800.66
AZTECA,Jalisco,20.60552,-103.40016,42800.66
Nuevo CAP,Jalisco,20.59897814,-103.4032638,1
INBURSA,Michoacán,20.3451951,-102.0287046,39627.23
INBURSA,Michoacán,17.9613698,-102.2040301,39627.23
INBURSA,Michoacán,19.6883139,-101.1527555,39627.23
INBURSA,Michoacán,19.6924483,-101.1709378,39627.23
INBURSA,Michoacán,19.4021482,-102.0550606,39627.23
INBURSA,Michoacán,19.9749948,-102.2868472,39627.23
PROFUTURO,Michoacán,19.6905182,-101.1769064,39627.23
INVERCAP,Michoacán,17.9936223,-102.2346121,39627.23
INVERCAP,Michoacán,19.6942188,-101.1707654,39627.23
INVERCAP,Michoacán,19.41154,-102.0528836,39627.23
INVERCAP,Michoacán,19.9854468,-102.2849146,39627.23
PENSIONISSSTE,Michoacán,19.728099,-101.223281,39627.23
COPPEL,Michoacán,19.6954869,-101.1912034,39627.23
COPPEL,Michoacán,19.9694544,-102.2981115,39627.23
COPPEL,Michoacán,19.4183166,-102.0685985,39627.23
COPPEL,Michoacán,19.7000556,-101.191465,39627.23
COPPEL,Michoacán,17.9642506,-102.2002184,39627.23
COPPEL,Michoacán,19.0835342,-102.3559978,39627.23
COPPEL,Michoacán,19.9852032,-102.2819318,39627.23
COPPEL,Michoacán,19.7025966,-101.2123022,39627.23
COPPEL,Michoacán,17.9725781,-102.2151166,39627.23
COPPEL,Michoacán,19.8173322,-101.7908387,39627.23
COPPEL,Michoacán,19.4357959,-100.3566756,39627.23
COPPEL,Michoacán,19.4177483,-102.0444555,39627.23
COPPEL,Michoacán,19.0861495,-102.3535466,39627.23
COPPEL,Michoacán,20.34141,-102.0219572,39627.23
COPPEL,Michoacán,19.7008719,-101.1901436,39627.23
COPPEL,Michoacán,19.9839689,-102.2864056,39627.23
COPPEL,Michoacán,19.5155913,-101.6115112,39627.23
COPPEL,Michoacán,19.5665192,-101.7068294,39627.23
COPPEL,Michoacán,19.9371769,-102.3206069,39627.23
COPPEL,Michoacán,19.2353668,-101.4580497,39627.23
COPPEL,Michoacán,20.0564093,-102.7185395,39627.23
COPPEL,Michoacán,17.9820771,-102.350467,39627.23
COPPEL,Michoacán,19.5142457,-101.6096064,39627.23
COPPEL,Michoacán,19.5303246,-101.6103014,39627.23
COPPEL,Michoacán,19.6878797,-100.5509713,39627.23
COPPEL,Michoacán,19.6628216,-101.5195232,39627.23
COPPEL,Michoacán,19.7224742,-101.1913582,39627.23
COPPEL,Michoacán,19.8884278,-100.4402706,39627.23
COPPEL,Michoacán,19.6822827,-101.1795214,39627.23
COPPEL,Michoacán,19.1899326,-102.8452564,39627.23
SURA,Michoacán,17.962664,-102.1997444,39627.23
SURA,Michoacán,19.6871393,-101.1621927,39627.23
SURA,Michoacán,19.4032874,-102.0552933,39627.23
SURA,Michoacán,19.9806804,-102.2910491,39627.23
CITIBANAMEX,Michoacán,20.339267,-102.0232798,39627.23
CITIBANAMEX,Michoacán,17.958135,-102.1957286,39627.23
CITIBANAMEX,Michoacán,19.7030247,-101.1910083,39627.23
CITIBANAMEX,Michoacán,19.4149956,-102.0664724,39627.23
CITIBANAMEX,Michoacán,19.4176377,-102.0253745,39627.23
CITIBANAMEX,Michoacán,19.9849131,-102.2873874,39627.23
XXI-BANORTE,Michoacán,19.694378,-101.171049,39627.23
XXI-BANORTE,Michoacán,19.6828175,-101.1671804,39627.23
XXI-BANORTE,Michoacán,19.9369271,-102.3212761,39627.23
AZTECA,Michoacán,19.6952931,-101.1880836,39627.23
Nuevo CAP,Michoacán,19.49139154,-101.7490633,1
INBURSA,Morelos,18.9339388,-99.213336,40967.57
PROFUTURO,Morelos,18.9242095,-99.2215659,40967.57
INVERCAP,Morelos,18.9178359,-99.2190675,40967.57
PENSIONISSSTE,Morelos,18.924411,-99.217665,40967.57
COPPEL,Morelos,18.9203462,-99.2356048,40967.57
COPPEL,Morelos,18.9273228,-99.2312328,40967.57
COPPEL,Morelos,18.8125806,-98.9510551,40967.57
COPPEL,Morelos,18.8975416,-99.1698766,40967.57
COPPEL,Morelos,18.8122899,-98.9552722,40967.57
COPPEL,Morelos,18.9234676,-99.2347823,40967.57
COPPEL,Morelos,18.8664165,-99.2093114,40967.57
COPPEL,Morelos,18.8274866,-98.9465872,40967.57
COPPEL,Morelos,18.8873414,-99.0612383,40967.57
COPPEL,Morelos,18.6531057,-99.1941884,40967.57
COPPEL,Morelos,18.8182393,-99.2329468,40967.57
COPPEL,Morelos,18.6112909,-99.1802147,40967.57
SURA,Morelos,18.9590176,-99.238057,40967.57
CITIBANAMEX,Morelos,18.8135046,-98.953516,40967.57
CITIBANAMEX,Morelos,18.9251059,-99.2358532,40967.57
XXI-BANORTE,Morelos,18.9184209,-99.2338226,40967.57
AZTECA,Morelos,18.9243369,-99.220109,40967.57
Nuevo CAP,Morelos,18.85397475,-99.14973862,1
INBURSA,Nayarit,21.5095414,-104.8870776,32701.05
PROFUTURO,Nayarit,21.5034347,-104.892566,32701.05
INVERCAP,Nayarit,21.5077564,-104.8912821,32701.05
PENSIONISSSTE,Nayarit,21.507202,-104.900549,32701.05
COPPEL,Nayarit,21.5159476,-104.8909807,32701.05
COPPEL,Nayarit,21.8092961,-105.2092423,32701.05
COPPEL,Nayarit,21.496865,-104.8829524,32701.05
COPPEL,Nayarit,21.2362463,-104.8991919,32701.05
COPPEL,Nayarit,21.7513844,-104.8454619,32701.05
COPPEL,Nayarit,21.9451717,-105.3006793,32701.05
COPPEL,Nayarit,21.5057363,-104.8938546,32701.05
COPPEL,Nayarit,21.5129981,-104.8921896,32701.05
COPPEL,Nayarit,22.2670468,-105.4185227,32701.05
COPPEL,Nayarit,21.5113041,-104.8950863,32701.05
COPPEL,Nayarit,21.452397,-104.898454,32701.05
SURA,Nayarit,21.5080907,-104.8938204,32701.05
CITIBANAMEX,Nayarit,21.5162793,-104.8798798,32701.05
XXI-BANORTE,Nayarit,21.4998373,-104.8977777,32701.05
AZTECA,Nayarit,21.5120148,-104.8937634,32701.05
Nuevo CAP,Nayarit,21.60058749,-104.9710614,1
INBURSA,Nuevo León,25.5894554,-100.0024014,46750.71
INBURSA,Nuevo León,25.707673,-100.2686444,46750.71
INBURSA,Nuevo León,25.6537584,-100.3519444,46750.71
PROFUTURO,Nuevo León,25.7234926,-100.2241421,46750.71
PROFUTURO,Nuevo León,25.6751121,-100.3075992,46750.71
INVERCAP,Nuevo León,25.6850452,-100.2691179,46750.71
INVERCAP,Nuevo León,25.6643765,-100.3119986,46750.71
INVERCAP,Nuevo León,25.760647,-100.3008569,46750.71
INVERCAP,Nuevo León,25.6766714,-100.4499832,46750.71
PENSIONISSSTE,Nuevo León,25.7001902,-100.3093165,46750.71
PENSIONISSSTE,Nuevo León,25.671223,-100.337619,46750.71
COPPEL,Nuevo León,25.6731472,-100.3146093,46750.71
COPPEL,Nuevo León,25.7508285,-100.254958,46750.71
COPPEL,Nuevo León,25.672724,-100.4216764,46750.71
COPPEL,Nuevo León,25.7814786,-100.2572084,46750.71
COPPEL,Nuevo León,25.6577668,-100.1895211,46750.71
COPPEL,Nuevo León,25.6783285,-100.4378947,46750.71
COPPEL,Nuevo León,25.6760535,-100.3140086,46750.71
COPPEL,Nuevo León,25.7269104,-100.3436276,46750.71
COPPEL,Nuevo León,25.7879708,-100.3186607,46750.71
COPPEL,Nuevo León,25.67262,-100.3185038,46750.71
COPPEL,Nuevo León,25.6650694,-100.2277709,46750.71
COPPEL,Nuevo León,25.7729127,-100.3888318,46750.71
COPPEL,Nuevo León,25.6300295,-100.294019,46750.71
COPPEL,Nuevo León,25.6792092,-100.2321509,46750.71
COPPEL,Nuevo León,25.6612213,-100.1492426,46750.71
COPPEL,Nuevo León,25.7220253,-100.2036915,46750.71
COPPEL,Nuevo León,25.763928,-100.4108609,46750.71
COPPEL,Nuevo León,25.7711618,-100.2736388,46750.71
COPPEL,Nuevo León,25.7587032,-100.3546276,46750.71
COPPEL,Nuevo León,25.7431017,-100.1755716,46750.71
COPPEL,Nuevo León,25.592172,-99.9961947,46750.71
COPPEL,Nuevo León,25.6892957,-100.4545641,46750.71
COPPEL,Nuevo León,25.5055621,-100.0163892,46750.71
COPPEL,Nuevo León,24.8648471,-99.5671727,46750.71
COPPEL,Nuevo León,25.7054421,-100.2361806,46750.71
COPPEL,Nuevo León,25.6384982,-100.1554451,46750.71
COPPEL,Nuevo León,24.8590955,-99.5687388,46750.71
COPPEL,Nuevo León,25.7138384,-100.2553685,46750.71
COPPEL,Nuevo León,25.7109189,-100.1774698,46750.71
COPPEL,Nuevo León,25.6518382,-100.1112185,46750.71
COPPEL,Nuevo León,25.7996496,-100.2277709,46750.71
COPPEL,Nuevo León,25.7062838,-100.3396588,46750.71
COPPEL,Nuevo León,25.732275,-100.3960849,46750.71
COPPEL,Nuevo León,25.6800543,-100.2528929,46750.71
COPPEL,Nuevo León,25.6717179,-100.3148339,46750.71
COPPEL,Nuevo León,25.6949087,-100.3126053,46750.71
COPPEL,Nuevo León,25.7538401,-100.2972844,46750.71
COPPEL,Nuevo León,25.6663852,-100.3068087,46750.71
COPPEL,Nuevo León,25.6837128,-100.3142024,46750.71
COPPEL,Nuevo León,25.67389,-100.46394,46750.71
COPPEL,Nuevo León,25.9086072,-100.1696087,46750.71
COPPEL,Nuevo León,25.7017749,-100.3091555,46750.71
COPPEL,Nuevo León,25.7224186,-100.2161869,46750.71
COPPEL,Nuevo León,25.795865,-100.5840749,46750.71
SURA,Nuevo León,25.6780368,-100.3133067,46750.71
SURA,Nuevo León,25.592172,-99.9961947,46750.71
CITIBANAMEX,Nuevo León,25.667165,-100.2809202,46750.71
CITIBANAMEX,Nuevo León,25.6691484,-100.3341508,46750.71
XXI-BANORTE,Nuevo León,25.6780368,-100.3133067,46750.71
XXI-BANORTE,Nuevo León,25.674529,-100.2980156,46750.71
PRINCIPAL,Nuevo León,25.6578198,-100.3730182,46750.71
AZTECA,Nuevo León,25.6771548,-100.3199269,46750.71
Nuevo CAP,Nuevo León,25.66812518,-100.2539155,1
INBURSA,Oaxaca,16.1792059,-95.1940698,48883.17
INBURSA,Oaxaca,17.0363357,-96.7123274,48883.17
PROFUTURO,Oaxaca,17.0747048,-96.7131987,48883.17
INVERCAP,Oaxaca,17.0603633,-96.7174275,48883.17
PENSIONISSSTE,Oaxaca,17.077156,-96.706945,48883.17
COPPEL,Oaxaca,17.0441181,-96.7154203,48883.17
COPPEL,Oaxaca,18.0853231,-96.1277659,48883.17
COPPEL,Oaxaca,17.0612137,-96.7269049,48883.17
COPPEL,Oaxaca,17.0975432,-96.7494097,48883.17
COPPEL,Oaxaca,16.2009916,-95.2019032,48883.17
COPPEL,Oaxaca,17.0637447,-96.7253164,48883.17
COPPEL,Oaxaca,16.4332039,-95.0211406,48883.17
COPPEL,Oaxaca,17.8093331,-97.7752676,48883.17
COPPEL,Oaxaca,17.0599847,-96.7300612,48883.17
COPPEL,Oaxaca,17.0611031,-96.726265,48883.17
COPPEL,Oaxaca,17.059174,-96.725699,48883.17
COPPEL,Oaxaca,17.0613769,-96.7329763,48883.17
COPPEL,Oaxaca,17.0731842,-96.7265889,48883.17
COPPEL,Oaxaca,18.084869,-96.1245376,48883.17
COPPEL,Oaxaca,17.0622443,-96.7269676,48883.17
COPPEL,Oaxaca,17.0558794,-96.7483443,48883.17
COPPEL,Oaxaca,18.0963188,-96.1625459,48883.17
COPPEL,Oaxaca,18.1081426,-95.8808749,48883.17
COPPEL,Oaxaca,17.0542297,-96.7132304,48883.17
COPPEL,Oaxaca,15.8687548,-97.0700334,48883.17
COPPEL,Oaxaca,16.3348493,-95.2321381,48883.17
COPPEL,Oaxaca,16.4365645,-94.8233447,48883.17
COPPEL,Oaxaca,17.4598544,-97.2263963,48883.17
COPPEL,Oaxaca,18.1053188,-95.878916,48883.17
SURA,Oaxaca,17.0640875,-96.731961,48883.17
CITIBANAMEX,Oaxaca,17.0563686,-96.7246952,48883.17
CITIBANAMEX,Oaxaca,16.3408345,-98.0533147,48883.17
CITIBANAMEX,Oaxaca,16.1774751,-95.194418,48883.17
CITIBANAMEX,Oaxaca,18.0805696,-96.1204298,48883.17
XXI-BANORTE,Oaxaca,17.0755355,-96.7192343,48883.17
AZTECA,Oaxaca,17.0338493,-96.7144653,48883.17
Nuevo CAP,Oaxaca,17.10325235,-96.41146292,1
INBURSA,Puebla,18.8999228,-98.4280181,43161.24
INBURSA,Puebla,18.6006589,-98.4664135,43161.24
INBURSA,Puebla,19.8073073,-97.3663429,43161.24
INBURSA,Puebla,19.0475337,-98.2365801,43161.24
INBURSA,Puebla,19.0462428,-98.2027376,43161.24
INBURSA,Puebla,18.8815381,-97.7268598,43161.24
INBURSA,Puebla,18.4629073,-97.3851284,43161.24
PROFUTURO,Puebla,19.0509846,-98.2380339,43161.24
INVERCAP,Puebla,19.0471714,-98.1892187,43161.24
INVERCAP,Puebla,18.4639253,-97.4066188,43161.24
PENSIONISSSTE,Puebla,19.051696,-98.213072,43161.24
COPPEL,Puebla,19.0724274,-98.205558,43161.24
COPPEL,Puebla,19.054778,-98.2049944,43161.24
COPPEL,Puebla,19.0738204,-98.2355028,43161.24
COPPEL,Puebla,19.2783645,-98.4252454,43161.24
COPPEL,Puebla,18.4591261,-97.3915196,43161.24
COPPEL,Puebla,19.0000005,-98.2306973,43161.24
COPPEL,Puebla,19.049993,-98.154131,43161.24
COPPEL,Puebla,18.6028813,-98.4668462,43161.24
COPPEL,Puebla,19.0496985,-98.1983619,43161.24
COPPEL,Puebla,19.0696502,-98.2995779,43161.24
COPPEL,Puebla,19.2882225,-98.4257156,43161.24
COPPEL,Puebla,18.9084059,-98.4366618,43161.24
COPPEL,Puebla,18.8830318,-97.7281338,43161.24
COPPEL,Puebla,18.9640705,-98.2414198,43161.24
COPPEL,Puebla,19.9419454,-97.9612129,43161.24
COPPEL,Puebla,19.0603442,-98.1263837,43161.24
COPPEL,Puebla,18.9776126,-98.2183949,43161.24
COPPEL,Puebla,19.0716256,-98.1941746,43161.24
COPPEL,Puebla,19.0100937,-98.1870857,43161.24
COPPEL,Puebla,20.1905171,-97.9974374,43161.24
COPPEL,Puebla,18.4619266,-97.3937419,43161.24
COPPEL,Puebla,19.8151687,-97.3608807,43161.24
COPPEL,Puebla,18.4629947,-97.3935307,43161.24
COPPEL,Puebla,19.8196967,-97.3608249,43161.24
COPPEL,Puebla,18.9881294,-98.1971213,43161.24
COPPEL,Puebla,18.8981747,-98.4307946,43161.24
COPPEL,Puebla,19.029542,-98.2507987,43161.24
COPPEL,Puebla,19.0629302,-98.2324851,43161.24
COPPEL,Puebla,19.2859213,-98.433502,43161.24
COPPEL,Puebla,18.6036034,-98.4664135,43161.24
COPPEL,Puebla,19.0023378,-98.2217626,43161.24
COPPEL,Puebla,19.0753413,-98.2949657,43161.24
COPPEL,Puebla,19.0723784,-98.3166297,43161.24
COPPEL,Puebla,19.5060382,-98.8831503,43161.24
COPPEL,Puebla,18.8686197,-97.7171242,43161.24
COPPEL,Puebla,18.9799333,-97.7851508,43161.24
COPPEL,Puebla,18.4606246,-97.3891817,43161.24
COPPEL,Puebla,18.4856921,-97.4536556,43161.24
COPPEL,Puebla,25.6780368,-100.3133067,43161.24
COPPEL,Puebla,18.9636856,-97.9020053,43161.24
COPPEL,Puebla,19.4643657,-97.6880491,43161.24
COPPEL,Puebla,18.3781976,-97.2660023,43161.24
COPPEL,Puebla,19.0976743,-98.2208707,43161.24
COPPEL,Puebla,19.0424555,-98.0511705,43161.24
COPPEL,Puebla,18.979889,-97.7845136,43161.24
COPPEL,Puebla,19.8523754,-97.4978862,43161.24
COPPEL,Puebla,19.8728788,-97.5883822,43161.24
COPPEL,Puebla,20.2736368,-97.9579242,43161.24
SURA,Puebla,19.0006042,-98.229298,43161.24
SURA,Puebla,19.0748017,-98.2011558,43161.24
CITIBANAMEX,Puebla,19.0905075,-98.1343283,43161.24
CITIBANAMEX,Puebla,19.0413123,-98.2291164,43161.24
CITIBANAMEX,Puebla,18.4618147,-97.3942486,43161.24
CITIBANAMEX,Puebla,19.8143644,-97.3611092,43161.24
XXI-BANORTE,Puebla,19.0387659,-98.2252111,43161.24
XXI-BANORTE,Puebla,19.0584343,-98.2166414,43161.24
XXI-BANORTE,Puebla,18.4629947,-97.3935307,43161.24
PRINCIPAL,Puebla,19.0278951,-98.2087802,43161.24
AZTECA,Puebla,19.0437335,-98.1980244,43161.24
Nuevo CAP,Puebla,19.18540364,-98.04590891,1
INBURSA,Querétaro,20.5678926,-100.4136698,52781
INBURSA,Querétaro,20.3838613,-100.00835,52781
PROFUTURO,Querétaro,20.614165,-100.3878992,52781
INVERCAP,Querétaro,20.5887932,-100.3898881,52781
INVERCAP,Querétaro,20.386028,-99.9843576,52781
PENSIONISSSTE,Querétaro,20.394178,-99.984535,52781
PENSIONISSSTE,Querétaro,20.593007,-100.406277,52781
COPPEL,Querétaro,20.5881914,-100.3936146,52781
COPPEL,Querétaro,20.6161484,-100.4051557,52781
COPPEL,Querétaro,20.564026,-100.3747832,52781
COPPEL,Querétaro,20.3865581,-99.9696606,52781
COPPEL,Querétaro,20.6183557,-100.4379067,52781
COPPEL,Querétaro,20.5222735,-99.9004167,52781
COPPEL,Querétaro,20.547695,-100.391556,52781
COPPEL,Querétaro,20.6314881,-100.4066697,52781
COPPEL,Querétaro,20.5487144,-100.4400764,52781
SURA,Querétaro,20.5835935,-100.403488,52781
CITIBANAMEX,Querétaro,20.5881406,-100.3679282,52781
CITIBANAMEX,Querétaro,20.3866855,-99.9963073,52781
XXI-BANORTE,Querétaro,20.5864724,-100.3770645,52781
XXI-BANORTE,Querétaro,20.5876236,-100.3934215,52781
PRINCIPAL,Querétaro,20.591681,-100.39752,52781
AZTECA,Querétaro,20.5932402,-100.3937901,52781
Nuevo CAP,Querétaro,20.54699735,-100.2940477,1
INBURSA,Quintana Roo,21.1353215,-86.8248189,34833.89
INBURSA,Quintana Roo,18.4950901,-88.2988159,34833.89
INBURSA,Quintana Roo,20.6258591,-87.0806135,34833.89
PROFUTURO,Quintana Roo,21.1669867,-86.8253105,34833.89
INVERCAP,Quintana Roo,21.1487561,-86.8202318,34833.89
INVERCAP,Quintana Roo,18.4973801,-88.3035975,34833.89
INVERCAP,Quintana Roo,21.1926257,-86.8529985,34833.89
PENSIONISSSTE,Quintana Roo,18.493589,-88.29624,34833.89
PENSIONISSSTE,Quintana Roo,21.153982,-86.838344,34833.89
COPPEL,Quintana Roo,19.1817393,-88.4791376,34833.89
COPPEL,Quintana Roo,21.1665035,-86.8255362,34833.89
COPPEL,Quintana Roo,21.1930858,-86.8335382,34833.89
COPPEL,Quintana Roo,21.179398,-86.8559116,34833.89
COPPEL,Quintana Roo,20.6479481,-87.083342,34833.89
COPPEL,Quintana Roo,20.2114185,-87.4653502,34833.89
COPPEL,Quintana Roo,21.1652753,-86.8170132,34833.89
COPPEL,Quintana Roo,20.5022565,-86.9568643,34833.89
COPPEL,Quintana Roo,21.160439,-86.8261344,34833.89
COPPEL,Quintana Roo,18.5007051,-88.2958691,34833.89
COPPEL,Quintana Roo,19.5822424,-88.0523541,34833.89
SURA,Quintana Roo,21.161908,-86.8515279,34833.89
CITIBANAMEX,Quintana Roo,21.1502219,-86.8255336,34833.89
CITIBANAMEX,Quintana Roo,18.4973801,-88.3035975,34833.89
CITIBANAMEX,Quintana Roo,20.6319633,-87.0733476,34833.89
XXI-BANORTE,Quintana Roo,21.1594209,-86.8255994,34833.89
XXI-BANORTE,Quintana Roo,18.4995667,-88.2961195,34833.89
XXI-BANORTE,Quintana Roo,20.5107925,-86.9483811,34833.89
AZTECA,Quintana Roo,21.1786031,-86.8132472,34833.89
Nuevo CAP,Quintana Roo,20.634966162253665,-87.07648152963121,1
INBURSA,San Luis Potosí,22.1427091,-100.9933079,51087.92
PROFUTURO,San Luis Potosí,22.1430753,-100.9984088,51087.92
INVERCAP,San Luis Potosí,21.9863722,-99.0140045,51087.92
INVERCAP,San Luis Potosí,22.1413971,-100.9987621,51087.92
PENSIONISSSTE,San Luis Potosí,21.9873727,-99.0108345,51087.92
PENSIONISSSTE,San Luis Potosí,22.150445,-100.987531,51087.92
COPPEL,San Luis Potosí,22.1569273,-100.9792128,51087.92
COPPEL,San Luis Potosí,22.1564699,-100.9855409,51087.92
COPPEL,San Luis Potosí,21.9885931,-99.014274,51087.92
COPPEL,San Luis Potosí,22.1565651,-100.9854628,51087.92
COPPEL,San Luis Potosí,22.1509378,-100.9481181,51087.92
COPPEL,San Luis Potosí,23.6467897,-100.6435258,51087.92
COPPEL,San Luis Potosí,22.1544961,-100.9761172,51087.92
COPPEL,San Luis Potosí,22.1205728,-100.9140624,51087.92
COPPEL,San Luis Potosí,23.6523468,-100.6361193,51087.92
COPPEL,San Luis Potosí,21.9302595,-99.9923829,51087.92
COPPEL,San Luis Potosí,23.6481903,-100.6432799,51087.92
COPPEL,San Luis Potosí,21.2542745,-98.7853351,51087.92
SURA,San Luis Potosí,22.1457815,-101.0011912,51087.92
CITIBANAMEX,San Luis Potosí,21.9929201,-99.0116915,51087.92
CITIBANAMEX,San Luis Potosí,22.1492974,-101.0005067,51087.92
XXI-BANORTE,San Luis Potosí,20.0910963,-98.7623874,51087.92
XXI-BANORTE,San Luis Potosí,22.1488514,-101.0056522,51087.92
XXI-BANORTE,San Luis Potosí,22.1473219,-100.9885849,51087.92
AZTECA,San Luis Potosí,22.1507733,-100.9740614,51087.92
Nuevo CAP,San Luis Potosí,22.23509517,-100.4380258,1
INBURSA,Sinaloa,24.7842497,-107.4378647,20119.19
INBURSA,Sinaloa,25.4586777,-108.07765,20119.19
INBURSA,Sinaloa,25.7929096,-108.9888537,20119.19
INBURSA,Sinaloa,23.2213995,-106.4186834,20119.19
PROFUTURO,Sinaloa,24.8090649,-107.3940117,20119.19
PROFUTURO,Sinaloa,23.2355541,-106.4199525,20119.19
INVERCAP,Sinaloa,25.7929096,-108.9888537,20119.19
INVERCAP,Sinaloa,24.8057004,-107.4020238,20119.19
INVERCAP,Sinaloa,23.2172823,-106.4172687,20119.19
PENSIONISSSTE,Sinaloa,24.819809,-107.408358,20119.19
COPPEL,Sinaloa,23.2051184,-106.4199755,20119.19
COPPEL,Sinaloa,24.8059571,-107.4007185,20119.19
COPPEL,Sinaloa,24.7981801,-107.393615,20119.19
COPPEL,Sinaloa,24.794557,-107.4110406,20119.19
COPPEL,Sinaloa,25.5609265,-108.4602464,20119.19
COPPEL,Sinaloa,25.5646923,-108.4631676,20119.19
COPPEL,Sinaloa,25.1721091,-107.4795173,20119.19
COPPEL,Sinaloa,24.8165719,-107.3653002,20119.19
COPPEL,Sinaloa,24.8008389,-107.3912588,20119.19
COPPEL,Sinaloa,23.2017886,-106.4198864,20119.19
COPPEL,Sinaloa,25.7882232,-108.9918022,20119.19
COPPEL,Sinaloa,25.7929096,-108.9888537,20119.19
COPPEL,Sinaloa,23.2043619,-106.4211712,20119.19
COPPEL,Sinaloa,23.2442932,-106.4185033,20119.19
COPPEL,Sinaloa,22.8349781,-105.7749099,20119.19
COPPEL,Sinaloa,24.3207694,-107.3642096,20119.19
COPPEL,Sinaloa,24.8157317,-107.4258193,20119.19
COPPEL,Sinaloa,24.8145422,-107.4006887,20119.19
COPPEL,Sinaloa,25.8013825,-109.013828,20119.19
COPPEL,Sinaloa,24.7553976,-107.4314566,20119.19
COPPEL,Sinaloa,23.9190697,-106.8946839,20119.19
COPPEL,Sinaloa,26.3743407,-108.5344435,20119.19
COPPEL,Sinaloa,25.3668831,-108.1591732,20119.19
COPPEL,Sinaloa,25.4605699,-108.0777229,20119.19
COPPEL,Sinaloa,24.7692337,-107.3716554,20119.19
COPPEL,Sinaloa,25.7808387,-109.0033062,20119.19
COPPEL,Sinaloa,24.8347797,-107.3981568,20119.19
COPPEL,Sinaloa,22.9899737,-105.8547173,20119.19
COPPEL,Sinaloa,24.7699597,-107.4552614,20119.19
COPPEL,Sinaloa,24.7974341,-107.410017,20119.19
COPPEL,Sinaloa,25.5597813,-108.4599523,20119.19
COPPEL,Sinaloa,24.8063668,-107.3960637,20119.19
COPPEL,Sinaloa,25.5666987,-108.4693347,20119.19
COPPEL,Sinaloa,25.8424904,-109.0150722,20119.19
COPPEL,Sinaloa,23.2018071,-106.4206666,20119.19
COPPEL,Sinaloa,24.7667154,-107.698881,20119.19
COPPEL,Sinaloa,23.2297727,-106.4060314,20119.19
COPPEL,Sinaloa,24.7778772,-107.4075295,20119.19
COPPEL,Sinaloa,24.7577476,-107.4289414,20119.19
COPPEL,Sinaloa,24.8354608,-107.3847676,20119.19
COPPEL,Sinaloa,25.9313349,-109.188748,20119.19
COPPEL,Sinaloa,25.4591678,-108.0850603,20119.19
COPPEL,Sinaloa,23.9181325,-106.889136,20119.19
COPPEL,Sinaloa,24.3210161,-107.3634474,20119.19
COPPEL,Sinaloa,25.6593424,-108.6381352,20119.19
COPPEL,Sinaloa,24.8036865,-107.4649866,20119.19
COPPEL,Sinaloa,23.256568,-106.4240701,20119.19
COPPEL,Sinaloa,25.7068307,-108.3407772,20119.19
SURA,Sinaloa,23.2512795,-106.4550732,20119.19
SURA,Sinaloa,25.1721091,-107.4795173,20119.19
SURA,Sinaloa,25.7929096,-108.9888537,20119.19
CITIBANAMEX,Sinaloa,24.8097265,-107.3959338,20119.19
CITIBANAMEX,Sinaloa,24.7935629,-107.4107258,20119.19
CITIBANAMEX,Sinaloa,25.5609265,-108.4602464,20119.19
CITIBANAMEX,Sinaloa,25.7883262,-108.9928795,20119.19
CITIBANAMEX,Sinaloa,25.7955247,-108.9907453,20119.19
CITIBANAMEX,Sinaloa,23.2161169,-106.416314,20119.19
XXI-BANORTE,Sinaloa,24.7957236,-107.3939638,20119.19
XXI-BANORTE,Sinaloa,25.797336,-108.9895089,20119.19
XXI-BANORTE,Sinaloa,23.2334668,-106.4227474,20119.19
XXI-BANORTE,Sinaloa,25.8103565,-108.9802141,20119.19
AZTECA,Sinaloa,24.8090649,-107.3940117,20119.19
Nuevo CAP,Sinaloa,24.7593046,-107.6202105,1
INBURSA,Sonora,27.5011634,-109.9306212,20378.54
INBURSA,Sonora,29.0897822,-110.9871745,20378.54
INBURSA,Sonora,27.9217134,-110.9109967,20378.54
INBURSA,Sonora,27.0692836,-109.451436,20378.54
INBURSA,Sonora,31.3011855,-110.9381047,20378.54
INBURSA,Sonora,32.4557134,-114.7706876,20378.54
PROFUTURO,Sonora,31.2940005,-110.9366139,20378.54
PROFUTURO,Sonora,27.4933605,-109.9303077,20378.54
INVERCAP,Sonora,27.4923307,-109.9347996,20378.54
INVERCAP,Sonora,29.0879782,-110.9812135,20378.54
INVERCAP,Sonora,31.3073285,-110.9439576,20378.54
INVERCAP,Sonora,32.4757048,-114.7766235,20378.54
PENSIONISSSTE,Sonora,29.0680158,-110.9578327,20378.54
PENSIONISSSTE,Sonora,27.4814187,-109.9272276,20378.54
COPPEL,Sonora,27.4920178,-109.9448944,20378.54
COPPEL,Sonora,27.4887483,-109.9331715,20378.54
COPPEL,Sonora,29.0834457,-110.953644,20378.54
COPPEL,Sonora,29.0805452,-110.9534034,20378.54
COPPEL,Sonora,27.9239593,-110.890543,20378.54
COPPEL,Sonora,32.4834145,-114.7825557,20378.54
COPPEL,Sonora,31.3255082,-110.9460922,20378.54
COPPEL,Sonora,27.0733933,-109.4526061,20378.54
COPPEL,Sonora,30.7121226,-112.149076,20378.54
COPPEL,Sonora,29.0980491,-111.0019702,20378.54
COPPEL,Sonora,27.4728483,-109.9291973,20378.54
COPPEL,Sonora,27.9268141,-110.918624,20378.54
COPPEL,Sonora,31.3198837,-110.9463289,20378.54
COPPEL,Sonora,27.9643564,-110.8184453,20378.54
COPPEL,Sonora,29.2972247,-110.3308814,20378.54
COPPEL,Sonora,27.0791961,-109.4436987,20378.54
COPPEL,Sonora,27.4830918,-109.9480044,20378.54
COPPEL,Sonora,29.1363999,-110.9947095,20378.54
COPPEL,Sonora,29.1194537,-110.979443,20378.54
COPPEL,Sonora,31.3251341,-109.5527987,20378.54
COPPEL,Sonora,31.3184041,-113.5398088,20378.54
COPPEL,Sonora,31.3146443,-110.95957,20378.54
COPPEL,Sonora,29.0619602,-110.9283018,20378.54
COPPEL,Sonora,32.4542101,-114.7577136,20378.54
COPPEL,Sonora,28.1531339,-109.9080773,20378.54
COPPEL,Sonora,27.4923307,-109.9347996,20378.54
COPPEL,Sonora,27.9241555,-110.8957047,20378.54
COPPEL,Sonora,31.3254488,-110.9460005,20378.54
COPPEL,Sonora,29.0958157,-110.9312443,20378.54
COPPEL,Sonora,32.4838304,-114.7815854,20378.54
COPPEL,Sonora,30.3739761,-109.6869945,20378.54
COPPEL,Sonora,32.4811342,-114.7786175,20378.54
COPPEL,Sonora,30.714192,-112.1476449,20378.54
COPPEL,Sonora,27.0930684,-109.4471056,20378.54
COPPEL,Sonora,29.0548203,-110.9518097,20378.54
COPPEL,Sonora,27.9361084,-110.9271384,20378.54
COPPEL,Sonora,30.550244,-111.1102247,20378.54
COPPEL,Sonora,29.1159047,-111.0236132,20378.54
COPPEL,Sonora,28.8421307,-111.4792111,20378.54
SURA,Sonora,29.0897822,-110.9871745,20378.54
SURA,Sonora,27.5477224,-109.9453576,20378.54
CITIBANAMEX,Sonora,31.3251341,-109.5527987,20378.54
CITIBANAMEX,Sonora,30.7098928,-112.1500156,20378.54
CITIBANAMEX,Sonora,27.4827729,-109.930367,20378.54
CITIBANAMEX,Sonora,27.9236998,-110.8912186,20378.54
CITIBANAMEX,Sonora,29.0780648,-110.9497651,20378.54
CITIBANAMEX,Sonora,27.0727573,-109.4437493,20378.54
CITIBANAMEX,Sonora,31.3243942,-110.9452832,20378.54
CITIBANAMEX,Sonora,32.4757048,-114.7766235,20378.54
XXI-BANORTE,Sonora,27.4988754,-109.933104,20378.54
XXI-BANORTE,Sonora,29.0834457,-110.953644,20378.54
XXI-BANORTE,Sonora,31.294594,-110.931477,20378.54
XXI-BANORTE,Sonora,27.9240885,-110.8962664,20378.54
PRINCIPAL,Sonora,29.119535,-110.9920412,20378.54
AZTECA,Sonora,29.0555195,-110.9524078,20378.54
Nuevo CAP,Sonora,29.37545883,-111.0890587,1
INBURSA,Tabasco,18.2655423,-93.2269419,42429.46
INBURSA,Tabasco,17.9796221,-92.9588101,42429.46
PROFUTURO,Tabasco,17.9916512,-92.9486163,42429.46
INVERCAP,Tabasco,17.9789038,-92.9404331,42429.46
PENSIONISSSTE,Tabasco,18.000466,-92.925871,42429.46
COPPEL,Tabasco,17.8346726,-92.5309352,42429.46
COPPEL,Tabasco,17.9979116,-92.9238378,42429.46
COPPEL,Tabasco,17.9698344,-92.9693357,42429.46
COPPEL,Tabasco,17.9542261,-93.3681097,42429.46
COPPEL,Tabasco,17.9715761,-92.9571506,42429.46
COPPEL,Tabasco,17.9906105,-93.3754249,42429.46
COPPEL,Tabasco,17.8409173,-92.6189273,42429.46
COPPEL,Tabasco,18.3991275,-93.2118671,42429.46
COPPEL,Tabasco,17.7168461,-92.6040436,42429.46
COPPEL,Tabasco,17.5533807,-92.9474882,42429.46
COPPEL,Tabasco,17.9791126,-92.9232963,42429.46
COPPEL,Tabasco,17.9974713,-92.9223552,42429.46
COPPEL,Tabasco,17.7413194,-91.7820831,42429.46
SURA,Tabasco,17.8409173,-92.6189273,42429.46
CITIBANAMEX,Tabasco,17.9906105,-93.3754249,42429.46
CITIBANAMEX,Tabasco,17.996634,-92.927291,42429.46
CITIBANAMEX,Tabasco,18.0190924,-92.8967052,42429.46
CITIBANAMEX,Tabasco,17.9979116,-92.9238378,42429.46
XXI-BANORTE,Tabasco,17.9747624,-92.9348377,42429.46
XXI-BANORTE,Tabasco,17.9755405,-92.9350761,42429.46
AZTECA,Tabasco,18.001357,-92.916997,42429.46
Nuevo CAP,Tabasco,17.95252354,-92.90237504,1
INBURSA,Tamaulipas,23.744981,-99.128017,24672.27
INBURSA,Tamaulipas,25.8702912,-97.4880506,24672.27
INBURSA,Tamaulipas,26.0719833,-98.2851198,24672.27
INBURSA,Tamaulipas,22.2471522,-97.8731379,24672.27
PROFUTURO,Tamaulipas,26.0625607,-98.3497207,24672.27
PROFUTURO,Tamaulipas,23.7392061,-99.1446529,24672.27
PROFUTURO,Tamaulipas,22.2408806,-97.8708421,24672.27
PROFUTURO,Tamaulipas,27.4670027,-99.5131662,24672.27
INVERCAP,Tamaulipas,26.0902001,-98.2701878,24672.27
INVERCAP,Tamaulipas,22.2355632,-97.8684136,24672.27
INVERCAP,Tamaulipas,23.7126031,-99.1667885,24672.27
PENSIONISSSTE,Tamaulipas,26.073754,-98.318685,24672.27
PENSIONISSSTE,Tamaulipas,23.732046,-99.130071,24672.27
COPPEL,Tamaulipas,22.2143864,-97.8563033,24672.27
COPPEL,Tamaulipas,22.2983724,-97.8756039,24672.27
COPPEL,Tamaulipas,26.0546596,-98.2929098,24672.27
COPPEL,Tamaulipas,26.0760226,-98.3143147,24672.27
COPPEL,Tamaulipas,24.26694,-98.8362755,24672.27
COPPEL,Tamaulipas,27.4616786,-99.511369,24672.27
COPPEL,Tamaulipas,25.8638245,-97.4781185,24672.27
COPPEL,Tamaulipas,22.2505772,-97.8654542,24672.27
COPPEL,Tamaulipas,25.8523747,-97.5070355,24672.27
COPPEL,Tamaulipas,27.490983,-99.5033938,24672.27
COPPEL,Tamaulipas,25.9871288,-98.0981491,24672.27
COPPEL,Tamaulipas,23.7502866,-99.156253,24672.27
COPPEL,Tamaulipas,22.7397491,-98.9714623,24672.27
COPPEL,Tamaulipas,22.2864851,-97.8500869,24672.27
COPPEL,Tamaulipas,25.836273,-97.49877,24672.27
COPPEL,Tamaulipas,25.8504073,-97.5041837,24672.27
COPPEL,Tamaulipas,25.8583008,-97.5369873,24672.27
COPPEL,Tamaulipas,25.669447,-97.8150412,24672.27
COPPEL,Tamaulipas,26.3951547,-99.0467661,24672.27
COPPEL,Tamaulipas,26.0549327,-98.3540256,24672.27
COPPEL,Tamaulipas,25.8456788,-97.5070261,24672.27
COPPEL,Tamaulipas,22.2454459,-97.8347556,24672.27
COPPEL,Tamaulipas,22.7439553,-98.974612,24672.27
COPPEL,Tamaulipas,25.8809171,-97.5073386,24672.27
COPPEL,Tamaulipas,27.493159,-99.5077837,24672.27
COPPEL,Tamaulipas,22.2159762,-97.8569929,24672.27
COPPEL,Tamaulipas,22.298766,-97.8760716,24672.27
COPPEL,Tamaulipas,26.0743194,-98.319153,24672.27
COPPEL,Tamaulipas,26.0878301,-98.3018297,24672.27
COPPEL,Tamaulipas,26.0539945,-98.3659788,24672.27
COPPEL,Tamaulipas,22.3963193,-97.9309097,24672.27
COPPEL,Tamaulipas,24.8419162,-98.1502433,24672.27
COPPEL,Tamaulipas,22.2413191,-97.8435949,24672.27
COPPEL,Tamaulipas,25.8785763,-97.5174908,24672.27
SURA,Tamaulipas,25.8702686,-97.4880188,24672.27
SURA,Tamaulipas,26.0700805,-98.3147801,24672.27
SURA,Tamaulipas,22.2460751,-97.8724577,24672.27
SURA,Tamaulipas,27.4821074,-99.5078712,24672.27
CITIBANAMEX,Tamaulipas,23.7369164,-99.1411154,24672.27
CITIBANAMEX,Tamaulipas,25.8690294,-97.5027376,24672.27
CITIBANAMEX,Tamaulipas,27.4779362,-99.549573,24672.27
CITIBANAMEX,Tamaulipas,26.0508406,-98.2978951,24672.27
CITIBANAMEX,Tamaulipas,22.2438396,-97.8385695,24672.27
XXI-BANORTE,Tamaulipas,22.2527675,-97.8760929,24672.27
XXI-BANORTE,Tamaulipas,22.2205184,-97.8513201,24672.27
XXI-BANORTE,Tamaulipas,22.7421938,-98.9746578,24672.27
XXI-BANORTE,Tamaulipas,23.7268225,-99.1444256,24672.27
XXI-BANORTE,Tamaulipas,25.8786109,-97.5045464,24672.27
XXI-BANORTE,Tamaulipas,27.4721121,-99.4873727,24672.27
XXI-BANORTE,Tamaulipas,26.0799569,-98.3058394,24672.27
PRINCIPAL,Tamaulipas,26.0707168,-98.2886601,24672.27
PRINCIPAL,Tamaulipas,22.252222,-97.8567921,24672.27
AZTECA,Tamaulipas,22.2303626,-97.8647732,24672.27
Nuevo CAP,Tamaulipas,24.69129441,-98.25099488,1
INBURSA,Tlaxcala,19.3239078,-98.2318888,37289.56
PROFUTURO,Tlaxcala,19.3203195,-98.2077986,37289.56
INVERCAP,Tlaxcala,19.4147072,-98.1372056,37289.56
PENSIONISSSTE,Tlaxcala,19.3246045,-98.2339656,37289.56
COPPEL,Tlaxcala,19.3131517,-98.1956906,37289.56
COPPEL,Tlaxcala,19.3209611,-98.2361297,37289.56
COPPEL,Tlaxcala,19.3108404,-97.9251893,37289.56
COPPEL,Tlaxcala,19.3180202,-98.2212896,37289.56
COPPEL,Tlaxcala,19.3129672,-98.1943367,37289.56
COPPEL,Tlaxcala,19.4146574,-98.1404313,37289.56
COPPEL,Tlaxcala,19.2159175,-98.2417004,37289.56
COPPEL,Tlaxcala,19.3126161,-97.9222558,37289.56
COPPEL,Tlaxcala,19.5897488,-98.5771895,37289.56
COPPEL,Tlaxcala,19.3321904,-98.1953276,37289.56
CITIBANAMEX,Tlaxcala,19.3170278,-98.2186318,37289.56
XXI-BANORTE,Tlaxcala,19.3252766,-98.2285625,37289.56
XXI-BANORTE,Tlaxcala,19.3185363,-98.2363375,37289.56
AZTECA,Tlaxcala,19.3162847,-98.2468713,37289.56
Nuevo CAP,Tlaxcala,19.33866352,-98.1977056,1
INBURSA,Veracruz,18.1451395,-94.4277714,29764.05
INBURSA,Veracruz,18.8937324,-96.935674,29764.05
INBURSA,Veracruz,20.0636064,-97.0538774,29764.05
INBURSA,Veracruz,17.9887787,-94.5575199,29764.05
INBURSA,Veracruz,18.8491499,-97.0911535,29764.05
INBURSA,Veracruz,20.5332197,-97.4656165,29764.05
INBURSA,Veracruz,20.9529079,-97.4067697,29764.05
INBURSA,Veracruz,19.2002267,-96.1337704,29764.05
INBURSA,Veracruz,19.5622335,-96.9292578,29764.05
PROFUTURO,Veracruz,19.1535432,-96.1074877,29764.05
PROFUTURO,Veracruz,18.1484691,-94.4158578,29764.05
INVERCAP,Veracruz,19.1493263,-96.1023468,29764.05
INVERCAP,Veracruz,18.1486107,-94.4207811,29764.05
INVERCAP,Veracruz,18.8937324,-96.935674,29764.05
INVERCAP,Veracruz,20.5355751,-97.4585962,29764.05
INVERCAP,Veracruz,19.5359244,-96.9314504,29764.05
INVERCAP,Veracruz,19.1969823,-96.1381188,29764.05
PENSIONISSSTE,Veracruz,18.148757,-94.468556,29764.05
PENSIONISSSTE,Veracruz,19.5607808,-96.9290164,29764.05
COPPEL,Veracruz,18.8922248,-96.9315652,29764.05
COPPEL,Veracruz,18.8476233,-97.1009488,29764.05
COPPEL,Veracruz,17.9847876,-94.5450494,29764.05
COPPEL,Veracruz,19.1942434,-96.1384087,29764.05
COPPEL,Veracruz,18.1455535,-94.4129845,29764.05
COPPEL,Veracruz,19.1913317,-96.1349438,29764.05
COPPEL,Veracruz,19.2162877,-96.1745059,29764.05
COPPEL,Veracruz,19.2601605,-96.5783387,29764.05
COPPEL,Veracruz,18.1351167,-94.4928531,29764.05
COPPEL,Veracruz,20.5351022,-97.4708484,29764.05
COPPEL,Veracruz,19.5299566,-96.9231899,29764.05
COPPEL,Veracruz,21.3526082,-98.2253993,29764.05
COPPEL,Veracruz,18.447373,-95.2127217,29764.05
COPPEL,Veracruz,19.5543886,-96.9034735,29764.05
COPPEL,Veracruz,18.0044659,-94.579209,29764.05
COPPEL,Veracruz,17.9486494,-94.9286017,29764.05
COPPEL,Veracruz,18.4517008,-95.2268307,29764.05
COPPEL,Veracruz,22.0561429,-98.1789301,29764.05
COPPEL,Veracruz,19.190149,-96.1387742,29764.05
COPPEL,Veracruz,20.9502108,-97.4177589,29764.05
COPPEL,Veracruz,18.3663192,-95.7958363,29764.05
COPPEL,Veracruz,19.173773,-96.1342241,29764.05
COPPEL,Veracruz,18.8927475,-96.9315878,29764.05
COPPEL,Veracruz,19.1969823,-96.1381188,29764.05
COPPEL,Veracruz,18.1455318,-94.413699,29764.05
COPPEL,Veracruz,18.1487284,-94.4156368,29764.05
COPPEL,Veracruz,18.8929264,-96.9328458,29764.05
COPPEL,Veracruz,18.8933153,-96.9326402,29764.05
COPPEL,Veracruz,19.5292598,-96.9223219,29764.05
COPPEL,Veracruz,19.5343289,-96.9235194,29764.05
COPPEL,Veracruz,20.0636064,-97.0538774,29764.05
COPPEL,Veracruz,19.1605411,-96.1081234,29764.05
COPPEL,Veracruz,17.984787,-94.545051,29764.05
COPPEL,Veracruz,18.8476751,-97.1076119,29764.05
COPPEL,Veracruz,20.5277943,-97.4621211,29764.05
COPPEL,Veracruz,19.5618341,-97.2423623,29764.05
COPPEL,Veracruz,19.1992233,-96.1382067,29764.05
COPPEL,Veracruz,19.160625,-96.1312029,29764.05
COPPEL,Veracruz,18.0372256,-95.5297244,29764.05
COPPEL,Veracruz,19.5259137,-96.9311029,29764.05
COPPEL,Veracruz,19.5679019,-96.9173102,29764.05
COPPEL,Veracruz,18.4646487,-95.3001226,29764.05
COPPEL,Veracruz,18.7739285,-95.762524,29764.05
COPPEL,Veracruz,18.5963606,-95.4426786,29764.05
COPPEL,Veracruz,20.9523223,-97.4013324,29764.05
COPPEL,Veracruz,18.4209259,-95.1124887,29764.05
COPPEL,Veracruz,19.1896652,-96.1349092,29764.05
COPPEL,Veracruz,21.5209591,-98.3944383,29764.05
COPPEL,Veracruz,17.8284329,-95.8116522,29764.05
COPPEL,Veracruz,18.8651029,-97.1064884,29764.05
COPPEL,Veracruz,20.5631659,-97.4408568,29764.05
COPPEL,Veracruz,19.4532951,-96.9630785,29764.05
COPPEL,Veracruz,17.8999193,-94.0986194,29764.05
COPPEL,Veracruz,18.0300657,-95.5262982,29764.05
COPPEL,Veracruz,18.8047147,-97.180373,29764.05
COPPEL,Veracruz,19.5022458,-96.8739702,29764.05
COPPEL,Veracruz,18.8134217,-96.7237912,29764.05
COPPEL,Veracruz,18.4496953,-95.212314,29764.05
COPPEL,Veracruz,19.925588,-96.8548044,29764.05
COPPEL,Veracruz,19.370592,-96.3781896,29764.05
COPPEL,Veracruz,19.622958,-96.7334987,29764.05
COPPEL,Veracruz,18.4206311,-95.1112895,29764.05
COPPEL,Veracruz,19.5437751,-96.9101806,29764.05
COPPEL,Veracruz,19.1502895,-96.96231,29764.05
COPPEL,Veracruz,20.9124164,-97.6743999,29764.05
COPPEL,Veracruz,20.9081949,-97.676239,29764.05
COPPEL,Veracruz,17.4329866,-95.0241931,29764.05
COPPEL,Veracruz,19.0459691,-96.4230446,29764.05
COPPEL,Veracruz,17.9805537,-94.5420077,29764.05
COPPEL,Veracruz,18.9725252,-96.7237488,29764.05
COPPEL,Veracruz,18.0751187,-95.706404,29764.05
COPPEL,Veracruz,17.9641555,-94.7199927,29764.05
COPPEL,Veracruz,19.9610652,-97.2139978,29764.05
COPPEL,Veracruz,19.1509971,-96.1189053,29764.05
SURA,Veracruz,19.5587954,-96.9306622,29764.05
SURA,Veracruz,20.0636064,-97.0538774,29764.05
SURA,Veracruz,20.5439523,-97.452337,29764.05
SURA,Veracruz,19.1931483,-96.1261718,29764.05
CITIBANAMEX,Veracruz,19.1323749,-96.1049759,29764.05
CITIBANAMEX,Veracruz,18.1487284,-94.4156368,29764.05
CITIBANAMEX,Veracruz,18.8838909,-96.9237751,29764.05
CITIBANAMEX,Veracruz,20.0625955,-97.0536139,29764.05
CITIBANAMEX,Veracruz,17.983916,-94.5440196,29764.05
CITIBANAMEX,Veracruz,18.8489435,-97.1004707,29764.05
CITIBANAMEX,Veracruz,20.5282345,-97.4613697,29764.05
CITIBANAMEX,Veracruz,19.5299566,-96.9231899,29764.05
XXI-BANORTE,Veracruz,19.1443503,-96.1059479,29764.05
XXI-BANORTE,Veracruz,18.1492614,-94.4054501,29764.05
XXI-BANORTE,Veracruz,18.8961585,-96.9407997,29764.05
XXI-BANORTE,Veracruz,18.8474795,-97.0997582,29764.05
XXI-BANORTE,Veracruz,20.5261106,-97.4670212,29764.05
XXI-BANORTE,Veracruz,19.5208244,-96.9173389,29764.05
XXI-BANORTE,Veracruz,19.5278121,-96.9268047,29764.05
PRINCIPAL,Veracruz,19.1683608,-96.1315549,29764.05
AZTECA,Veracruz,19.1968821,-96.139734,29764.05
Nuevo CAP,Veracruz,19.15981556,-96.29114465,1
INBURSA,Yucatán,20.9869424,-89.6173375,52609.57
PROFUTURO,Yucatán,20.9876105,-89.6176047,52609.57
INVERCAP,Yucatán,20.9719018,-89.6219644,52609.57
INVERCAP,Yucatán,20.9490792,-89.6603987,52609.57
PENSIONISSSTE,Yucatán,20.9927598,-89.6115249,52609.57
COPPEL,Yucatán,20.987488,-89.64962,52609.57
COPPEL,Yucatán,20.9603147,-89.5911747,52609.57
COPPEL,Yucatán,20.9610305,-89.6231599,52609.57
COPPEL,Yucatán,20.9904759,-89.6631786,52609.57
COPPEL,Yucatán,20.9679888,-89.6214494,52609.57
COPPEL,Yucatán,20.9995512,-89.5958753,52609.57
COPPEL,Yucatán,20.689404,-88.200841,52609.57
COPPEL,Yucatán,20.9660654,-89.6232551,52609.57
COPPEL,Yucatán,20.9883269,-89.5672853,52609.57
COPPEL,Yucatán,21.1444532,-88.1506293,52609.57
COPPEL,Yucatán,20.9571017,-89.6252981,52609.57
SURA,Yucatán,20.9681469,-89.6298724,52609.57
CITIBANAMEX,Yucatán,20.9685048,-89.6201171,52609.57
CITIBANAMEX,Yucatán,21.1428087,-88.1513915,52609.57
XXI-BANORTE,Yucatán,20.9771749,-89.6189227,52609.57
XXI-BANORTE,Yucatán,20.9782888,-89.6044509,52609.57
PRINCIPAL,Yucatán,20.7098786,-89.0943377,52609.57
AZTECA,Yucatán,20.9681469,-89.6298724,52609.57
Nuevo CAP,Yucatán,20.96976649,-89.38625114,1
INBURSA,Zacatecas,22.7667741,-102.5583089,36793.39
PROFUTURO,Zacatecas,22.7709249,-102.5832539,36793.39
INVERCAP,Zacatecas,22.7653124,-102.5559779,36793.39
PENSIONISSSTE,Zacatecas,22.743022,-102.497195,36793.39
COPPEL,Zacatecas,23.1742889,-102.8681266,36793.39
COPPEL,Zacatecas,22.761866,-102.5473886,36793.39
COPPEL,Zacatecas,22.7728045,-102.5727887,36793.39
COPPEL,Zacatecas,22.5698698,-102.2505002,36793.39
COPPEL,Zacatecas,23.1745968,-102.8716179,36793.39
COPPEL,Zacatecas,22.7726126,-102.5744811,36793.39
COPPEL,Zacatecas,23.6320488,-103.6400475,36793.39
COPPEL,Zacatecas,23.8251189,-103.0320934,36793.39
SURA,Zacatecas,22.7735895,-102.5743763,36793.39
CITIBANAMEX,Zacatecas,23.1754152,-102.8943684,36793.39
CITIBANAMEX,Zacatecas,22.7729193,-102.5739319,36793.39
XXI-BANORTE,Zacatecas,23.1729638,-102.8783825,36793.39
XXI-BANORTE,Zacatecas,22.7732183,-102.5793885,36793.39
AZTECA,Zacatecas,22.7565759,-102.511889,36793.39
Nuevo CAP,Zacatecas,22.99255553,-102.7264966,1
